,A,C,D,E,F,G,H,I,K,L,M,N,P,Q,R,S,T,V,W,Y
C,0.12232403741994556,,0.027329182525185628,0.013908155846358383,0.050496728522803645,0.052472348224434105,0.04329418686621462,0.04623142012009307,0.01182990712254168,0.04654629254035018,0.0369565104565957,0.03657912725163392,0.021580068801848453,0.012725417219921353,0.016185783925067795,0.08012752257922562,0.047641690412214,0.08101545020479277,0.033802154139498795,0.041159247398252725
D,0.025343817068185573,0.023238922710677713,,0.24209776240665545,0.028369897958168067,0.08821112814560154,0.03971141337380493,0.018273358617175755,0.04342002251511844,0.014489550284368437,0.013709711388635902,0.09470264225244375,0.12091142942987851,0.04320184209231122,0.03742130438975488,0.03574251921550003,0.02584798466713418,0.04380726750456952,0.02705314498235229,0.04804130074325289
E,0.0281255611525743,0.015607161538735686,0.2756364812576182,,0.01604322988436171,0.07383326861531384,0.03894406653182967,0.026782070583316234,0.09276134727261409,0.014456708454425385,0.04012999686507173,0.10056434196151942,0.08130252974458925,0.13475655925799682,0.05101207510267409,0.0270358983961724,0.03372937509058952,0.02955296021003356,0.04595570322522252,0.03713751772920262
F,0.02036876279043403,0.047806083709454154,0.023078549032949192,0.015621545365558329,,0.016396390803396055,0.0475420666120619,0.05036457639410629,0.021379710912555548,0.11966714747418991,0.08226351964063,0.015727121247309343,0.03364239635587374,0.02811699517701929,0.020531949699734767,0.02156982242926985,0.017161532071238193,0.023160950125540477,0.15243339326364588,0.24390580806398765
G,0.10579191286471325,0.056550342925987554,0.1357475146347529,0.07206873302916073,0.022180935256542383,,0.0381297948714183,0.01589286471589222,0.04176965856142959,0.02059081192281681,0.03277886423735966,0.08010623557004772,0.12482218813113037,0.04014705861857838,0.0665096754778593,0.14809347937404302,0.04012393787661029,0.019928510144617273,0.045420409088615,0.021177077774370397
H,0.024961290885692686,0.04819259138909729,0.038235503316584846,0.03578455217381648,0.04564822594298518,0.023509813308795518,,0.013721772346374396,0.06926473874213813,0.03650000433174049,0.026201731040521436,0.07238848880901796,0.0557681268233763,0.11432855847605822,0.07369642647318429,0.03101527494852008,0.026600895394329627,0.019593644310028396,0.048460745616961676,0.10430883613613315
I,0.03487825501490493,0.0610358069153964,0.015216018721831192,0.021031373437804767,0.06557225779394717,0.016829117522447794,0.013645383158647124,,0.025947364639430835,0.15285085666708453,0.05713867538862825,0.023580996260749148,0.07752558304692689,0.014239987499941958,0.034415718503127385,0.019494774440513767,0.052203955994768826,0.22068197082823068,0.0567992226453029,0.03823897122720814
K,0.017715861689473807,0.015428561552384177,0.03947143184294642,0.07881922836596107,0.0255092970020106,0.046537732396712266,0.06190837148976575,0.02025850050033003,,0.011823716321764828,0.020558297996101437,0.06771245620798748,0.0432420106263063,0.09197784058461375,0.2651390677662471,0.025529458612187028,0.030660261109154055,0.011615324383117262,0.032310462786152204,0.030366796205483246
L,0.03203334177022018,0.07065217370362022,0.01345294280608639,0.026970586305454177,0.17124814662923576,0.028744349200099602,0.03978100660219929,0.19664284087033,0.02052245268792052,,0.1895905838014877,0.024174460810482933,0.03756785133494118,0.03747595385351797,0.042104823577685246,0.030049090771721194,0.038537629054125756,0.1285229543381369,0.08557376239395822,0.07622650095472755
M,0.0440415528389279,0.03722395730852552,0.015085537337760219,0.045828168735462374,0.07034337717496114,0.015768385085225673,0.025549022124042902,0.05020926334661457,0.023357962801310656,0.1538401664877944,,0.017091230106466095,0.019339266615695756,0.03952980270522611,0.017106538678154468,0.007202023630739089,0.03946005032623866,0.0615891456043448,0.05002514951077915,0.04559356816917854
N,0.029557782171414356,0.03209568266706209,0.10459460128463013,0.09466924009007378,0.018084034394282356,0.07684346772666979,0.08874394523762599,0.023951662495277467,0.07406944630811234,0.015897788956260987,0.019714567647093836,,0.053898717389318014,0.06991117821424918,0.043114106037648744,0.09627640854244227,0.0673673412359333,0.007456488634981515,0.022494789096433907,0.04545283533501535
P,0.024458957906804413,0.017276601608325986,0.0732213215306204,0.043492048611234985,0.022790234401294712,0.05109815970648454,0.035477229656232685,0.04215693964838907,0.027542954253461014,0.02302724174860356,0.0197535999257693,0.03305478149295814,,0.07522468101419573,0.045704866839260797,0.020990221753618546,0.027194968860061317,0.013620492586197233,0.03776369206935311,0.019202753662060864
Q,0.03601649223666929,0.021590246672089728,0.04402038624622275,0.12256976664674399,0.021091713510848025,0.03347417619271341,0.11917288833473953,0.014779219677272342,0.0837401429158346,0.025805847997516288,0.03776978250849555,0.07008650126119358,0.08148604280196628,,0.11946187341532692,0.045311348481268866,0.046044327611258984,0.02064605922524996,0.04463200309355616,0.02181644157580641
R,0.03369040962232019,0.026599674450484438,0.056082808888178265,0.0755262654324634,0.025573848379762284,0.0544667886723718,0.10903685984529242,0.033119985024592,0.3294020992464504,0.03502456778969107,0.030988222809727753,0.07260915197924238,0.09281124301439773,0.1493250010352096,,0.052801330372229546,0.02560107146272222,0.02675235190943552,0.07744455807817816,0.06031820888498779
S,0.16204396763645534,0.11009458273570837,0.0574792140287832,0.03786347884275208,0.02190148774688911,0.18244215629136207,0.07123773418861719,0.01967161109996574,0.044690031436206486,0.03163283042162051,0.020425886792328877,0.1529038612723248,0.055905856712353444,0.07150559248314146,0.06424723274153721,,0.22782378150185015,0.021809443888330633,0.04036515303624112,0.027468783588605574
T,0.08034539011509306,0.05361425391118867,0.03314067652183753,0.05014084893184056,0.025153542711129986,0.04932588975434089,0.040817940959554586,0.04670982255636523,0.032487727034988194,0.023216959525727176,0.04006284697460255,0.08787039910886424,0.06111150854290703,0.044590507076161495,0.021805018108217906,0.18224953828216234,,0.08331898724548921,0.020728156882774094,0.028596364881552767
V,0.07296282622813048,0.12417154695946744,0.03404166267471791,0.02903524533303474,0.029971435437388727,0.026516493402262756,0.023928504515866974,0.2598255344530456,0.019085999060303206,0.1153677985034852,0.10376842424503996,0.015814431770609573,0.04129015710849281,0.02789141244679015,0.026713828392715067,0.01892500896239137,0.10015976545714673,,0.04157640460045422,0.037190518321582905
W,0.019192474683235355,0.03568182702363533,0.017103896180172096,0.029831288975958384,0.11388059705369415,0.028316249999958343,0.048036026846921154,0.04521942585420468,0.02042239584204448,0.05370917099044904,0.04326461335028619,0.013131604334084343,0.028811523493781164,0.020754734285380286,0.03627027883478119,0.024081698731159628,0.014280059305363918,0.022612838158705385,,0.15896039296020273
Y,0.023596416283282205,0.03256394199400073,0.035503936992413346,0.02365067901981996,0.23781854730463356,0.030667987414451012,0.10656543015191416,0.04506743668468749,0.02297145675191993,0.048853855046122094,0.051846708060651905,0.025380148159841014,0.028095601814273983,0.020118758476408274,0.02780215095186655,0.021906823364531095,0.020590286731614782,0.028629243536078753,0.20471279019449165,
intercept,0.11436856887487681,0.09658959001981156,0.044690253827257796,0.03409110840600607,0.06517553954850878,0.05463775443668854,0.032716856509109535,0.047649339626713916,0.0316676291975741,0.07920799461617345,0.11367367834144623,0.04751967935900465,0.04209347150624408,0.02927230655053752,0.03581026946059806,0.058052357730925395,0.051195970174438936,0.10572391760436353,0.04198762693263969,0.07409950717845934
A,,0.12421880034676663,0.021031774187051506,0.029362695625899493,0.0581736155108093,0.105445551716866,0.029478214218782203,0.02552452956974366,0.019136730578425507,0.029980284428404176,0.04772307325284413,0.030370401333190848,0.041315222259735024,0.04746631967810366,0.025127725737967,0.11420998147877028,0.1004846851716973,0.062430262473694126,0.03426682693479848,0.022537336646746384
