aa,mw,pka,pkb,pi,hi,pbr,avbr,vadw,asa,pbr_10,avbr_100,vadw_100,asa_100,cyclic,charge,positive,negative,hydrophobic,polar,ionizable,aromatic,aliphatic,hbond,sulfur,essential,size
A,89.1,2.34,9.69,6.0,1.8,38.0,92,67,67,1,0,0,0,0,0,0,0,1,0,0,0,1,0,0,0,1
R,174.2,2.17,9.04,10.76,-4.5,0.0,225,148,196,0,1,1,1,0,1,1,0,0,1,1,0,0,1,0,0,0
N,132.12,2.02,8.8,5.41,-3.5,10.0,135,96,113,0,1,0,1,0,0,0,0,0,1,0,0,0,1,0,0,0
D,133.11,1.88,9.6,2.77,-3.5,14.5,125,91,106,1,1,0,1,0,1,0,1,0,1,1,0,0,1,0,0,0
C,121.16,1.96,10.28,5.07,2.5,47.0,106,86,104,1,1,0,1,0,0,0,0,1,1,1,0,0,1,1,0,0
E,147.13,2.19,9.67,3.22,-3.5,6.3,161,114,144,0,1,1,1,0,1,0,1,0,1,1,0,0,1,0,0,0
Q,146.15,2.17,9.13,5.65,-3.5,20.0,155,109,138,1,1,1,1,0,0,0,0,0,1,0,0,0,1,0,0,0
G,75.07,2.34,9.6,5.97,-0.4,37.0,66,48,0,1,0,0,0,0,0,0,0,0,0,0,0,1,0,0,0,1
H,155.16,1.82,9.17,7.59,-3.2,19.0,167,118,151,1,1,1,1,0,1,1,0,0,1,1,1,0,1,0,1,0
I,131.18,2.36,9.6,6.02,4.5,65.0,169,124,140,1,1,1,1,0,0,0,0,1,0,0,0,1,0,0,1,0
L,131.18,2.36,9.6,5.98,3.8,41.0,168,124,137,1,1,1,1,0,0,0,0,1,0,0,0,1,0,0,1,0
K,146.19,2.18,8.95,9.74,-3.9,4.2,171,135,167,0,1,1,1,0,1,1,0,0,1,1,0,0,1,0,1,0
M,149.21,2.2,9.21,5.74,1.9,50.0,171,124,160,1,1,1,1,0,0,0,0,1,0,0,0,0,0,1,1,0
F,165.19,1.83,9.13,5.48,2.8,48.0,203,135,175,1,1,1,1,0,0,0,0,1,0,0,1,0,0,0,1,0
P,115.13,1.99,10.6,6.3,-1.6,24.0,129,90,105,1,1,1,1,1,0,0,0,1,0,0,0,1,0,0,0,0
S,105.09,2.21,9.15,5.68,-0.8,24.0,99,73,80,1,0,0,0,0,0,0,0,0,1,0,0,0,1,0,0,1
T,119.12,2.09,9.1,5.6,-0.7,25.0,122,93,102,1,1,1,1,0,0,0,0,0,1,0,0,0,1,0,1,0
W,204.23,2.83,9.39,5.89,-0.9,23.0,240,163,217,1,1,1,1,0,0,0,0,1,0,0,1,0,1,0,1,0
Y,181.19,2.2,9.11,5.66,-1.3,13.0,203,141,187,1,1,1,1,0,0,0,0,1,1,1,1,0,1,0,0,0
V,117.15,2.32,9.62,5.96,4.2,56.0,142,105,117,1,1,1,1,0,0,0,0,1,0,0,0,1,0,0,1,0
