aa_ref,aa_alt,blosum30,blosum35,blosum40,blosum45,blosum50,blosum55,blosum60,blosum62,blosum65,blosum70,blosum75,blosum80,blosum85,blosum90,blosum95,blosum100
A,A,0.7838,1.13,1.3156,1.5609,1.7109,1.7992,1.9165,1.9646,2.0225,2.1182,2.1821,2.2549,2.349,2.4589,2.5616,2.7016
R,A,-0.1896,-0.2317,-0.3958,-0.5152,-0.5813,-0.6218,-0.6809,-0.7068,-0.7447,-0.8006,-0.8489,-0.8486,-0.884,-0.9127,-0.9924,-1.1174
N,A,-0.0557,-0.1641,-0.187,-0.3418,-0.4749,-0.5654,-0.6807,-0.7654,-0.8086,-0.8703,-0.9252,-0.9711,-1.0107,-1.0729,-1.1353,-1.1909
D,A,0.096,-0.2085,-0.3521,-0.5376,-0.6001,-0.715,-0.8337,-0.8767,-0.9173,-1.0015,-1.0966,-1.1491,-1.2308,-1.2842,-1.3811,-1.5205
C,A,-0.5068,-0.4017,-0.3905,-0.3212,-0.172,-0.0957,-0.1645,-0.2043,-0.2248,-0.3012,-0.3589,-0.4505,-0.5167,-0.5791,-0.6154,-0.6957
Q,A,0.1818,-0.0499,-0.0712,-0.2064,-0.2865,-0.3494,-0.3621,-0.402,-0.4513,-0.4705,-0.5158,-0.5233,-0.5565,-0.6505,-0.6431,-0.695
E,A,-0.0935,-0.2085,-0.1996,-0.2772,-0.3267,-0.3896,-0.4381,-0.4319,-0.4502,-0.484,-0.4898,-0.5081,-0.5318,-0.5835,-0.7015,-0.8922
G,A,-0.0861,0.0974,0.1344,0.1114,0.1392,0.0876,0.0774,0.0798,0.0637,0.0161,-0.0124,-0.0632,-0.1435,-0.2256,-0.3288,-0.4714
H,A,-0.3996,-0.4485,-0.5513,-0.6124,-0.6411,-0.7094,-0.7718,-0.8126,-0.891,-0.9118,-0.894,-0.959,-1.0418,-1.1141,-1.2634,-1.3872
I,A,-0.0819,-0.221,-0.3248,-0.4212,-0.4837,-0.5446,-0.5974,-0.6609,-0.696,-0.7728,-0.8363,-0.8802,-0.938,-1.0715,-1.172,-1.3143
L,A,-0.2938,-0.4162,-0.4602,-0.4893,-0.6061,-0.6793,-0.6911,-0.7323,-0.7933,-0.8838,-0.9451,-0.9869,-1.0416,-1.1639,-1.2355,-1.3282
K,A,-0.0444,-0.1058,-0.187,-0.347,-0.4196,-0.4043,-0.3986,-0.367,-0.3886,-0.43,-0.4304,-0.4681,-0.5127,-0.5906,-0.6708,-0.774
M,A,0.1076,-0.016,-0.1302,-0.2839,-0.2286,-0.3374,-0.4531,-0.4676,-0.524,-0.582,-0.6192,-0.6769,-0.7504,-0.8653,-0.9796,-1.1445
F,A,-0.3011,-0.5129,-0.6843,-0.7677,-0.8722,-0.8975,-1.0474,-1.105,-1.1643,-1.2444,-1.316,-1.3335,-1.4268,-1.5274,-1.622,-1.7834
P,A,-0.1976,-0.4069,-0.4242,-0.497,-0.4844,-0.4706,-0.4593,-0.4071,-0.4048,-0.3484,-0.3299,-0.375,-0.4238,-0.4899,-0.6144,-0.7203
S,A,0.1941,0.2373,0.3414,0.3789,0.4474,0.5022,0.535,0.5579,0.6195,0.6152,0.6374,0.6179,0.5715,0.5388,0.5113,0.4644
T,A,0.1652,0.0613,0.007,0.0008,-0.0479,-0.0074,-0.026,-0.0227,-0.0447,-0.0265,-0.0259,-0.0297,-0.0474,-0.0974,-0.1616,-0.2593
W,A,-0.9076,-0.4551,-0.6446,-0.8225,-1.1092,-1.2106,-1.2815,-1.2634,-1.355,-1.45,-1.6135,-1.693,-1.7063,-1.8179,-1.8437,-2.0735
Y,A,-0.8477,-0.3216,-0.4839,-0.6467,-0.7456,-0.6912,-0.8145,-0.882,-0.9192,-1.0524,-1.1274,-1.1968,-1.2944,-1.4333,-1.5716,-1.7646
V,A,0.1937,0.0778,0.0601,0.0143,-0.0268,-0.0528,-0.0723,-0.0947,-0.1189,-0.148,-0.1821,-0.2078,-0.2576,-0.3333,-0.4127,-0.5008
A,R,-0.1896,-0.2317,-0.3958,-0.5152,-0.5813,-0.6218,-0.6809,-0.7068,-0.7447,-0.8006,-0.8489,-0.8486,-0.884,-0.9127,-0.9924,-1.1174
R,R,1.6661,1.9102,2.141,2.247,2.427,2.5549,2.6866,2.7367,2.8177,2.8998,2.97,3.0434,3.1447,3.2411,3.3401,3.4511
N,R,-0.4241,-0.2358,-0.1224,-0.1555,-0.2281,-0.2292,-0.2194,-0.2199,-0.2406,-0.3035,-0.3524,-0.3714,-0.4102,-0.4878,-0.5511,-0.6545
D,R,-0.2736,-0.2693,-0.3051,-0.3749,-0.5595,-0.5605,-0.7443,-0.8029,-0.8684,-0.9405,-1.0244,-1.069,-1.1544,-1.2599,-1.4171,-1.5823
C,R,-0.4382,-0.7038,-0.8223,-1.0837,-1.2249,-1.4186,-1.6553,-1.6946,-1.8061,-1.9015,-1.968,-2.1048,-2.1581,-2.2776,-2.4383,-2.6376
Q,R,0.5622,0.4717,0.4496,0.4105,0.4408,0.4586,0.4945,0.4914,0.5269,0.5239,0.4892,0.4795,0.4273,0.3322,0.2263,0.0463
E,R,-0.2392,-0.232,-0.1686,0.0154,-0.0345,-0.046,-0.0792,-0.0577,-0.0951,-0.1339,-0.1805,-0.2656,-0.362,-0.4505,-0.5456,-0.7531
G,R,-0.4225,-0.544,-0.7569,-0.8104,-0.9518,-1.0342,-1.14,-1.1521,-1.1991,-1.2724,-1.3404,-1.4057,-1.489,-1.6056,-1.7514,-1.8796
H,R,-0.2607,-0.2329,-0.1178,-0.0394,-0.0268,-0.02,-0.0275,-0.1249,-0.0644,-0.1184,-0.094,-0.1116,-0.1139,-0.2003,-0.2614,-0.3393
I,R,-0.6107,-0.6428,-0.8155,-1.0339,-1.1999,-1.2697,-1.4043,-1.4951,-1.5368,-1.6237,-1.6753,-1.7401,-1.793,-1.8892,-2.0274,-2.2312
L,R,-0.4795,-0.4594,-0.5657,-0.7342,-0.852,-0.9109,-1.0522,-1.0773,-1.1555,-1.3365,-1.4173,-1.4626,-1.529,-1.6163,-1.7297,-1.8803
K,R,0.2769,0.4535,0.778,0.958,1.0459,1.0531,1.0693,1.0544,1.0919,1.1095,1.1251,1.1323,1.1131,1.111,1.0977,1.0475
M,R,-0.0576,-0.018,-0.1846,-0.366,-0.5606,-0.6319,-0.6688,-0.6836,-0.8167,-0.8726,-0.9348,-0.9832,-1.0752,-1.1107,-1.1186,-1.1814
F,R,-0.1678,-0.2916,-0.5687,-0.7623,-1.1147,-1.1524,-1.3399,-1.3932,-1.4751,-1.6022,-1.7102,-1.7995,-1.8617,-1.9312,-2.0139,-2.1536
P,R,-0.2655,-0.5457,-0.7219,-0.7818,-0.9472,-1.0276,-1.0876,-1.0543,-1.0587,-1.0782,-1.1097,-1.1662,-1.2086,-1.2887,-1.3897,-1.5546
S,R,-0.1068,-0.1579,-0.2876,-0.3236,-0.3138,-0.3342,-0.3912,-0.3824,-0.4026,-0.4355,-0.485,-0.5259,-0.5724,-0.6732,-0.7703,-0.8855
T,R,-0.5317,-0.4273,-0.4156,-0.4837,-0.4412,-0.4949,-0.5317,-0.5612,-0.5864,-0.6342,-0.6791,-0.7409,-0.8063,-0.9286,-1.0035,-1.1569
W,R,-0.0982,-0.0575,-0.446,-0.7855,-0.9191,-1.0891,-1.2988,-1.3397,-1.5147,-1.5751,-1.7148,-1.7649,-1.8719,-2.0064,-2.0099,-2.2074
Y,R,0.0951,-0.1195,-0.1573,-0.3086,-0.4597,-0.5967,-0.7953,-0.8469,-0.9308,-0.9969,-1.1108,-1.2592,-1.3591,-1.4646,-1.548,-1.6866
V,R,-0.2925,-0.2742,-0.5256,-0.7916,-0.9644,-1.0504,-1.1857,-1.2513,-1.3247,-1.3456,-1.4529,-1.4993,-1.5486,-1.6601,-1.8036,-2.0281
A,N,-0.0557,-0.1641,-0.187,-0.3418,-0.4749,-0.5654,-0.6807,-0.7654,-0.8086,-0.8703,-0.9252,-0.9711,-1.0107,-1.0729,-1.1353,-1.1909
R,N,-0.4241,-0.2358,-0.1224,-0.1555,-0.2281,-0.2292,-0.2194,-0.2199,-0.2406,-0.3035,-0.3524,-0.3714,-0.4102,-0.4878,-0.5511,-0.6545
N,N,1.601,1.6787,1.9367,2.1629,2.402,2.6064,2.7698,2.8266,2.9259,3.0098,3.1072,3.1639,3.2627,3.369,3.4524,3.585
D,N,0.2274,0.3728,0.4473,0.5866,0.6396,0.6287,0.6803,0.6358,0.6378,0.6789,0.6462,0.664,0.6542,0.6051,0.5409,0.446
C,N,-0.2087,-0.3553,-0.5205,-0.5559,-0.7345,-0.974,-1.222,-1.3299,-1.4451,-1.6142,-1.664,-1.7351,-1.7856,-1.7992,-1.7704,-1.7703
Q,N,-0.1253,0.1389,0.174,0.0461,0.0496,0.0108,0.0051,0.0008,0.0183,-0.0327,-0.0317,-0.0616,-0.1043,-0.1442,-0.2157,-0.2684
E,N,-0.1264,-0.2375,-0.1342,-0.1629,-0.1207,-0.0989,-0.1286,-0.134,-0.1469,-0.2023,-0.2579,-0.302,-0.3529,-0.412,-0.4966,-0.6507
G,N,0.0466,0.2378,0.0925,0.0822,-0.0454,-0.0894,-0.1603,-0.2114,-0.2771,-0.2837,-0.3559,-0.3941,-0.4723,-0.5825,-0.6959,-0.8161
H,N,-0.1471,0.246,0.2602,0.287,0.4793,0.4106,0.335,0.2892,0.2895,0.2326,0.2209,0.169,0.1661,0.1271,0.0837,-0.034
I,N,-0.0445,-0.2003,-0.5464,-0.8256,-1.1492,-1.2706,-1.4748,-1.6085,-1.7063,-1.7802,-1.8917,-1.9557,-2.0672,-2.1252,-2.1994,-2.3425
L,N,-0.3083,-0.6128,-0.8236,-1.0478,-1.277,-1.4208,-1.5965,-1.6895,-1.7951,-1.8873,-1.964,-2.0018,-2.1188,-2.1566,-2.281,-2.3943
K,N,0.0677,0.0056,0.0653,0.1619,0.0846,0.0042,-0.0623,-0.0895,-0.0798,-0.0869,-0.0701,-0.0917,-0.1316,-0.1638,-0.2315,-0.3595
M,N,-0.0614,-0.2003,-0.4477,-0.5527,-0.7095,-0.8959,-1.037,-1.0754,-1.205,-1.232,-1.3108,-1.3899,-1.4702,-1.5546,-1.6506,-1.7832
F,N,-0.1967,-0.3667,-0.6566,-0.8048,-1.1887,-1.3453,-1.4507,-1.497,-1.5964,-1.7303,-1.8145,-1.8747,-2.0015,-2.0772,-2.2247,-2.3768
P,N,-0.6021,-0.4571,-0.5081,-0.643,-0.7267,-0.8008,-0.951,-1.0002,-1.0941,-1.2356,-1.3024,-1.3296,-1.4613,-1.5115,-1.6426,-1.8242
S,N,0.0275,-0.0402,0.2271,0.2627,0.292,0.2599,0.3044,0.3005,0.2568,0.2478,0.2204,0.2208,0.1816,0.1334,0.054,-0.0661
T,N,0.2145,-0.019,-0.0158,0.1567,0.1491,0.084,0.0329,-0.023,-0.0426,-0.0665,-0.0856,-0.1392,-0.1852,-0.2412,-0.2585,-0.3314
W,N,-1.3596,-0.6096,-1.0119,-1.3596,-1.4124,-1.6235,-1.8002,-1.848,-1.8573,-1.9329,-2.0736,-2.1759,-2.2657,-2.4875,-2.6706,-2.7577
Y,N,-0.8884,-0.5562,-0.6079,-0.723,-0.6979,-0.7899,-0.9658,-1.0409,-1.1279,-1.2313,-1.3347,-1.3789,-1.3889,-1.475,-1.5589,-1.687
V,N,-0.3411,-0.6202,-0.7543,-0.8583,-1.1101,-1.2543,-1.3708,-1.4382,-1.5093,-1.5704,-1.6946,-1.7514,-1.8845,-1.9515,-2.024,-2.1785
A,D,0.096,-0.2085,-0.3521,-0.5376,-0.6001,-0.715,-0.8337,-0.8767,-0.9173,-1.0015,-1.0966,-1.1491,-1.2308,-1.2842,-1.3811,-1.5205
R,D,-0.2736,-0.2693,-0.3051,-0.3749,-0.5595,-0.5605,-0.7443,-0.8029,-0.8684,-0.9405,-1.0244,-1.069,-1.1544,-1.2599,-1.4171,-1.5823
N,D,0.2274,0.3728,0.4473,0.5866,0.6396,0.6287,0.6803,0.6358,0.6378,0.6789,0.6462,0.664,0.6542,0.6051,0.5409,0.446
D,D,1.7065,2.0586,2.1606,2.4211,2.6115,2.7313,2.8402,2.8871,2.9615,3.0475,3.133,3.1869,3.2531,3.3032,3.3733,3.4499
C,D,-0.5037,-0.7544,-0.5902,-0.9082,-1.2252,-1.3973,-1.674,-1.73,-1.7705,-1.8824,-2.0566,-2.225,-2.3405,-2.5059,-2.6174,-2.7424
Q,D,-0.105,-0.1923,-0.2204,-0.0624,-0.0484,-0.1192,-0.1217,-0.1567,-0.196,-0.2872,-0.3504,-0.3897,-0.4828,-0.543,-0.6288,-0.7787
E,D,0.1436,0.4078,0.5901,0.716,0.7293,0.7509,0.8,0.7552,0.772,0.747,0.7141,0.7098,0.6964,0.6879,0.6669,0.6092
G,D,-0.1725,-0.3818,-0.3913,-0.4336,-0.4257,-0.5377,-0.6125,-0.6568,-0.7262,-0.7611,-0.8165,-0.8872,-0.943,-1.0448,-1.191,-1.3069
H,D,-0.4959,-0.1237,-0.0394,-0.0347,-0.1782,-0.3036,-0.4802,-0.5595,-0.6118,-0.6674,-0.7188,-0.7505,-0.8232,-0.8725,-0.9569,-1.1017
I,D,-0.7885,-0.7921,-0.9408,-1.1833,-1.4338,-1.4208,-1.4752,-1.5606,-1.721,-1.9277,-2.08,-2.224,-2.4245,-2.5425,-2.7169,-2.7834
L,D,-0.2158,-0.5551,-0.8207,-1.1124,-1.423,-1.5311,-1.7346,-1.8028,-1.9443,-2.1309,-2.2461,-2.3425,-2.4628,-2.5478,-2.6286,-2.8055
K,D,-0.0325,-0.1443,-0.0822,-0.0867,-0.1676,-0.2051,-0.2811,-0.3509,-0.3813,-0.4483,-0.511,-0.563,-0.6116,-0.6875,-0.7612,-0.8916
M,D,-0.5467,-0.8034,-0.7953,-1.0162,-1.2009,-1.2901,-1.5246,-1.5293,-1.6739,-1.7439,-1.8752,-1.9888,-2.1379,-2.2113,-2.361,-2.5252
F,D,-1.0822,-0.8098,-0.9246,-1.2142,-1.568,-1.7352,-1.7027,-1.7419,-1.7754,-1.8906,-1.9936,-2.0927,-2.2425,-2.3403,-2.4941,-2.567
P,D,-0.1587,-0.294,-0.3909,-0.4659,-0.4949,-0.6035,-0.7233,-0.7401,-0.8413,-0.9867,-1.068,-1.1443,-1.2376,-1.3225,-1.4259,-1.589
S,D,-0.0239,-0.1815,-0.0972,-0.1056,-0.118,-0.1187,-0.1202,-0.1305,-0.18,-0.2197,-0.2942,-0.3695,-0.4395,-0.5214,-0.616,-0.7188
T,D,-0.1196,-0.3497,-0.1552,-0.1908,-0.2772,-0.385,-0.4644,-0.5254,-0.5054,-0.5823,-0.6378,-0.711,-0.8303,-0.9187,-1.0449,-1.1801
W,D,-0.8289,-0.6947,-1.164,-1.4213,-1.7035,-1.798,-2.0895,-2.1072,-2.3632,-2.3899,-2.5616,-2.7881,-2.9964,-3.1127,-3.1717,-3.4143
Y,D,-0.2686,-0.6016,-0.7321,-0.6328,-0.9871,-1.1579,-1.43,-1.5325,-1.6649,-1.8314,-1.9184,-2.028,-2.1045,-2.2261,-2.2727,-2.3551
V,D,-0.3805,-0.5644,-0.7235,-1.0186,-1.2119,-1.2866,-1.5131,-1.5713,-1.7046,-1.8166,-1.9342,-2.0309,-2.1264,-2.2779,-2.458,-2.5907
A,C,-0.5068,-0.4017,-0.3905,-0.3212,-0.172,-0.0957,-0.1645,-0.2043,-0.2248,-0.3012,-0.3589,-0.4505,-0.5167,-0.5791,-0.6154,-0.6957
R,C,-0.4382,-0.7038,-0.8223,-1.0837,-1.2249,-1.4186,-1.6553,-1.6946,-1.8061,-1.9015,-1.968,-2.1048,-2.1581,-2.2776,-2.4383,-2.6376
N,C,-0.2087,-0.3553,-0.5205,-0.5559,-0.7345,-0.974,-1.222,-1.3299,-1.4451,-1.6142,-1.664,-1.7351,-1.7856,-1.7992,-1.7704,-1.7703
D,C,-0.5037,-0.7544,-0.5902,-0.9082,-1.2252,-1.3973,-1.674,-1.73,-1.7705,-1.8824,-2.0566,-2.225,-2.3405,-2.5059,-2.6174,-2.7424
C,C,3.402,3.7217,3.8859,4.0951,4.1883,4.2089,4.2756,4.2911,4.3037,4.3424,4.3607,4.3717,4.3813,4.4354,4.4603,4.5263
Q,C,-0.4374,-0.8732,-1.0116,-1.0403,-1.055,-1.2321,-1.3565,-1.4509,-1.5923,-1.5464,-1.5534,-1.7606,-1.8919,-2.0465,-2.2187,-2.3652
E,C,0.131,-0.2067,-0.5495,-0.8747,-1.1328,-1.4406,-1.7037,-1.8062,-1.9714,-2.1803,-2.3175,-2.4769,-2.6408,-2.7657,-2.9554,-3.0789
G,C,-0.7675,-0.8252,-0.7086,-0.8447,-0.9314,-1.0529,-1.1992,-1.2502,-1.3638,-1.5743,-1.6827,-1.878,-2.0568,-2.1964,-2.2934,-2.4207
H,C,-1.0055,-0.9701,-1.0167,-1.0273,-0.9506,-1.1765,-1.4476,-1.4939,-1.6995,-1.8981,-1.9925,-2.1758,-2.3133,-2.3692,-2.4719,-2.7003
I,C,-0.3383,-0.9167,-0.9046,-0.8815,-0.7681,-0.6882,-0.7103,-0.6138,-0.5619,-0.6644,-0.6737,-0.783,-0.8432,-0.9409,-0.9976,-1.0289
L,C,-0.0547,-0.5182,-0.5769,-0.572,-0.6213,-0.6672,-0.66,-0.6387,-0.692,-0.8426,-0.8795,-1.0213,-1.1248,-1.234,-1.3969,-1.5159
K,C,-0.6295,-0.4686,-0.6307,-0.8711,-1.1207,-1.3419,-1.5006,-1.5182,-1.6489,-1.8061,-1.9011,-2.052,-2.1494,-2.213,-2.4014,-2.5291
M,C,-0.4855,-0.8798,-0.7797,-0.728,-0.5544,-0.6781,-0.7305,-0.7099,-0.7701,-0.881,-0.9176,-1.0017,-1.1088,-1.2273,-1.3445,-1.4873
F,C,-0.5145,-0.9221,-0.6182,-0.733,-0.8237,-0.9193,-1.1043,-1.1877,-1.1388,-1.1577,-1.1986,-1.341,-1.3387,-1.3489,-1.3559,-1.4044
P,C,-0.6779,-1.0737,-1.1285,-1.281,-1.3109,-1.1311,-1.3288,-1.3976,-1.5437,-1.645,-1.7698,-1.8934,-2.0654,-2.1193,-2.3716,-2.544
S,C,-0.3729,-0.6977,-0.2737,-0.3275,-0.2691,-0.3252,-0.3978,-0.4375,-0.4274,-0.533,-0.6334,-0.7956,-0.8179,-0.933,-0.9574,-0.982
T,C,-0.4327,-0.2375,-0.2332,-0.2832,-0.29,-0.2274,-0.3879,-0.4333,-0.5178,-0.6058,-0.6516,-0.7328,-0.7524,-0.8669,-0.9553,-0.9838
W,C,-0.3074,-1.1252,-1.437,-1.5838,-1.6798,-1.3293,-1.0887,-1.1521,-1.234,-1.2857,-1.4812,-1.7263,-1.8071,-1.9966,-2.193,-2.3761
Y,C,-1.2172,-1.2209,-1.0907,-1.0324,-0.8924,-1.0777,-1.171,-1.2036,-1.2302,-1.3782,-1.5217,-1.6993,-1.6725,-1.7734,-1.8559,-1.9031
V,C,-0.4644,-0.6154,-0.5152,-0.4844,-0.3064,-0.3342,-0.4066,-0.4038,-0.4218,-0.563,-0.5465,-0.6564,-0.6715,-0.7661,-0.8712,-0.9246
A,Q,0.1818,-0.0499,-0.0712,-0.2064,-0.2865,-0.3494,-0.3621,-0.402,-0.4513,-0.4705,-0.5158,-0.5233,-0.5565,-0.6505,-0.6431,-0.695
R,Q,0.5622,0.4717,0.4496,0.4105,0.4408,0.4586,0.4945,0.4914,0.5269,0.5239,0.4892,0.4795,0.4273,0.3322,0.2263,0.0463
N,Q,-0.1253,0.1389,0.174,0.0461,0.0496,0.0108,0.0051,0.0008,0.0183,-0.0327,-0.0317,-0.0616,-0.1043,-0.1442,-0.2157,-0.2684
D,Q,-0.105,-0.1923,-0.2204,-0.0624,-0.0484,-0.1192,-0.1217,-0.1567,-0.196,-0.2872,-0.3504,-0.3897,-0.4828,-0.543,-0.6288,-0.7787
C,Q,-0.4374,-0.8732,-1.0116,-1.0403,-1.055,-1.2321,-1.3565,-1.4509,-1.5923,-1.5464,-1.5534,-1.7606,-1.8919,-2.0465,-2.2187,-2.3652
Q,Q,1.5689,1.7343,1.9329,2.1399,2.2318,2.4264,2.5607,2.6426,2.774,2.8756,2.9983,3.06,3.1984,3.32,3.4581,3.639
E,Q,0.325,0.5892,0.5728,0.6144,0.741,0.8272,0.8871,0.9273,0.9232,0.9221,0.9086,0.9309,0.923,0.873,0.788,0.635
G,Q,-0.4022,-0.3942,-0.4808,-0.5416,-0.6407,-0.7558,-0.899,-0.8926,-0.9611,-1.0751,-1.1777,-1.2359,-1.3138,-1.3926,-1.535,-1.7101
H,Q,-0.0329,-0.1385,0.0669,0.2023,0.2739,0.302,0.3041,0.224,0.2515,0.3148,0.326,0.3957,0.3606,0.3194,0.2928,0.2111
I,Q,-0.339,-0.5995,-0.8157,-0.791,-0.9924,-1.1847,-1.3429,-1.3848,-1.4747,-1.5801,-1.6528,-1.694,-1.7623,-1.8354,-1.9495,-2.0864
L,Q,-0.3262,-0.4718,-0.4439,-0.6393,-0.829,-0.8898,-0.9977,-1.067,-1.0968,-1.201,-1.2685,-1.2972,-1.3694,-1.4162,-1.4614,-1.5553
K,Q,-0.0314,0.0695,0.2684,0.4115,0.5044,0.5748,0.6438,0.6363,0.6546,0.6565,0.6396,0.6079,0.6075,0.5704,0.5595,0.5036
M,Q,-0.1933,-0.2119,-0.21,-0.0886,-0.059,-0.1175,-0.195,-0.2105,-0.2295,-0.1958,-0.1542,-0.1737,-0.2227,-0.2351,-0.333,-0.518
F,Q,-0.6954,-0.9236,-1.0013,-1.1728,-1.262,-1.4027,-1.5235,-1.5822,-1.5802,-1.677,-1.7502,-1.8102,-1.8035,-1.8327,-1.8965,-2.0385
P,Q,-0.0383,-0.0793,-0.3773,-0.4829,-0.4141,-0.4803,-0.6046,-0.641,-0.6589,-0.7825,-0.8367,-0.8943,-0.9802,-1.0391,-1.115,-1.2041
S,Q,-0.1719,0.1196,0.2758,0.1268,0.0959,-0.007,-0.0412,-0.0506,-0.0888,-0.1297,-0.1838,-0.2193,-0.2843,-0.346,-0.4334,-0.5808
T,Q,-0.0847,-0.1153,-0.3123,-0.3573,-0.3034,-0.271,-0.3073,-0.3377,-0.3683,-0.3703,-0.4198,-0.4652,-0.5025,-0.5746,-0.6787,-0.8468
W,Q,-0.2615,-0.3241,-0.3606,-0.6322,-0.4846,-0.7404,-0.8864,-0.9732,-1.1741,-1.0925,-1.1586,-1.2937,-1.421,-1.51,-1.5894,-1.6261
Y,Q,-0.2327,-0.0527,-0.2953,-0.2702,-0.4304,-0.4842,-0.6425,-0.7105,-0.8525,-0.95,-1.059,-1.1145,-1.1702,-1.3158,-1.3295,-1.3993
V,Q,-0.6115,-0.6831,-0.7625,-0.8697,-0.8433,-0.9541,-1.0349,-1.0992,-1.1661,-1.1931,-1.2263,-1.283,-1.391,-1.5197,-1.5998,-1.7343
A,E,-0.0935,-0.2085,-0.1996,-0.2772,-0.3267,-0.3896,-0.4381,-0.4319,-0.4502,-0.484,-0.4898,-0.5081,-0.5318,-0.5835,-0.7015,-0.8922
R,E,-0.2392,-0.232,-0.1686,0.0154,-0.0345,-0.046,-0.0792,-0.0577,-0.0951,-0.1339,-0.1805,-0.2656,-0.362,-0.4505,-0.5456,-0.7531
N,E,-0.1264,-0.2375,-0.1342,-0.1629,-0.1207,-0.0989,-0.1286,-0.134,-0.1469,-0.2023,-0.2579,-0.302,-0.3529,-0.412,-0.4966,-0.6507
D,E,0.1436,0.4078,0.5901,0.716,0.7293,0.7509,0.8,0.7552,0.772,0.747,0.7141,0.7098,0.6964,0.6879,0.6669,0.6092
C,E,0.131,-0.2067,-0.5495,-0.8747,-1.1328,-1.4406,-1.7037,-1.8062,-1.9714,-2.1803,-2.3175,-2.4769,-2.6408,-2.7657,-2.9554,-3.0789
Q,E,0.325,0.5892,0.5728,0.6144,0.741,0.8272,0.8871,0.9273,0.9232,0.9221,0.9086,0.9309,0.923,0.873,0.788,0.635
E,E,1.2728,1.4744,1.7359,1.9536,2.1497,2.2877,2.4127,2.4514,2.5473,2.6503,2.7322,2.8063,2.9181,2.9838,3.0927,3.2034
G,E,-0.3957,-0.5654,-0.7059,-0.7948,-0.8892,-0.9486,-1.0331,-1.0551,-1.139,-1.1808,-1.2536,-1.3242,-1.4201,-1.527,-1.6635,-1.8901
H,E,0.0119,-0.2043,-0.0408,-0.0563,-0.1337,-0.1785,-0.1136,-0.0588,-0.0637,-0.0565,-0.0526,-0.15,-0.2749,-0.3723,-0.4943,-0.6205
I,E,-0.6464,-0.7176,-0.9639,-1.0431,-1.2669,-1.3577,-1.5308,-1.5972,-1.6484,-1.8005,-1.886,-1.92,-1.9906,-2.0742,-2.1996,-2.3446
L,E,-0.1769,-0.3231,-0.5498,-0.809,-1.0636,-1.2081,-1.3612,-1.4232,-1.5245,-1.6923,-1.7747,-1.8597,-1.984,-2.0756,-2.2018,-2.4066
K,E,0.4897,0.3296,0.331,0.3526,0.4126,0.4378,0.4068,0.3877,0.3881,0.3488,0.3125,0.2569,0.1889,0.1075,0.0615,-0.1014
M,E,-0.1523,-0.4838,-0.5377,-0.7017,-0.7248,-0.9374,-0.943,-0.999,-1.0806,-1.1554,-1.1206,-1.2224,-1.3465,-1.4679,-1.5665,-1.8255
F,E,-0.781,-0.6989,-0.8405,-1.0064,-1.1327,-1.3596,-1.547,-1.5962,-1.6865,-1.8484,-1.9251,-2.006,-2.1327,-2.2869,-2.4241,-2.7018
P,E,0.1468,-0.0768,-0.0534,-0.1349,-0.2536,-0.4011,-0.5379,-0.5581,-0.5832,-0.6873,-0.748,-0.7824,-0.8529,-0.9187,-1.0553,-1.2853
S,E,-0.0906,-0.076,-0.0849,-0.1327,-0.181,-0.1467,-0.0847,-0.0735,-0.0853,-0.1107,-0.1532,-0.2429,-0.3383,-0.3961,-0.4688,-0.5941
T,E,-0.3697,-0.2108,-0.2799,-0.2638,-0.288,-0.3613,-0.4255,-0.4316,-0.4064,-0.4374,-0.4752,-0.5447,-0.6213,-0.7053,-0.8137,-1.0028
W,E,-0.1622,-0.1376,-0.6078,-0.9453,-0.8676,-1.1126,-1.3452,-1.4177,-1.6867,-1.7818,-1.8427,-2.054,-2.2195,-2.3028,-2.4813,-2.5782
Y,E,-0.4587,-0.3655,-0.5392,-0.6977,-0.6178,-0.7516,-0.9776,-1.0102,-1.1553,-1.3085,-1.4308,-1.587,-1.7515,-1.8715,-1.9947,-2.2041
V,E,-0.6159,-0.4937,-0.6873,-0.849,-1.0617,-1.072,-1.2058,-1.2211,-1.2944,-1.3522,-1.3895,-1.4368,-1.5209,-1.5823,-1.6521,-1.7379
A,G,-0.0861,0.0974,0.1344,0.1114,0.1392,0.0876,0.0774,0.0798,0.0637,0.0161,-0.0124,-0.0632,-0.1435,-0.2256,-0.3288,-0.4714
R,G,-0.4225,-0.544,-0.7569,-0.8104,-0.9518,-1.0342,-1.14,-1.1521,-1.1991,-1.2724,-1.3404,-1.4057,-1.489,-1.6056,-1.7514,-1.8796
N,G,0.0466,0.2378,0.0925,0.0822,-0.0454,-0.0894,-0.1603,-0.2114,-0.2771,-0.2837,-0.3559,-0.3941,-0.4723,-0.5825,-0.6959,-0.8161
D,G,-0.1725,-0.3818,-0.3913,-0.4336,-0.4257,-0.5377,-0.6125,-0.6568,-0.7262,-0.7611,-0.8165,-0.8872,-0.943,-1.0448,-1.191,-1.3069
C,G,-0.7675,-0.8252,-0.7086,-0.8447,-0.9314,-1.0529,-1.1992,-1.2502,-1.3638,-1.5743,-1.6827,-1.878,-2.0568,-2.1964,-2.2934,-2.4207
Q,G,-0.4022,-0.3942,-0.4808,-0.5416,-0.6407,-0.7558,-0.899,-0.8926,-0.9611,-1.0751,-1.1777,-1.2359,-1.3138,-1.3926,-1.535,-1.7101
E,G,-0.3957,-0.5654,-0.7059,-0.7948,-0.8892,-0.9486,-1.0331,-1.0551,-1.139,-1.1808,-1.2536,-1.3242,-1.4201,-1.527,-1.6635,-1.8901
G,G,1.6881,1.8535,2.1043,2.3422,2.5341,2.6455,2.7601,2.7816,2.844,2.8967,2.9456,2.9786,3.0179,3.0524,3.0871,3.1382
H,G,-0.5058,-0.4885,-0.593,-0.5949,-0.7339,-0.8188,-0.9503,-1.0204,-1.1499,-1.2445,-1.2455,-1.369,-1.4298,-1.577,-1.7082,-1.9208
I,G,-0.2233,-0.7242,-0.9515,-1.2642,-1.433,-1.5467,-1.726,-1.8624,-2.0034,-2.1562,-2.2592,-2.4387,-2.6085,-2.7233,-2.8808,-3.0758
L,G,-0.4156,-0.7447,-1.016,-1.1517,-1.4077,-1.5588,-1.7856,-1.8135,-1.9056,-2.0541,-2.1268,-2.2478,-2.3891,-2.448,-2.5756,-2.7361
K,G,-0.1944,-0.231,-0.4124,-0.5609,-0.6107,-0.6693,-0.7434,-0.764,-0.8274,-0.8955,-0.9429,-1.0486,-1.1343,-1.2254,-1.3563,-1.5262
M,G,-0.3459,-0.3266,-0.5372,-0.7743,-0.945,-1.1125,-1.2458,-1.3383,-1.4471,-1.5797,-1.6737,-1.8056,-1.9779,-2.0748,-2.2066,-2.303
F,G,-0.59,-0.7518,-0.7977,-1.0579,-1.2725,-1.3954,-1.5096,-1.5537,-1.6356,-1.7525,-1.8683,-2.007,-2.2231,-2.3434,-2.4853,-2.6504
P,G,-0.1043,-0.3898,-0.3399,-0.5101,-0.6893,-0.8769,-1.03,-1.0668,-1.1545,-1.3082,-1.4177,-1.5257,-1.6596,-1.7418,-1.8819,-2.0302
S,G,0.0898,0.2215,0.1243,0.0813,-0.0011,-0.0662,-0.1028,-0.1462,-0.2105,-0.2604,-0.2891,-0.3505,-0.4463,-0.5136,-0.5906,-0.6754
T,G,-0.3103,-0.5119,-0.475,-0.5294,-0.6523,-0.68,-0.7649,-0.7877,-0.8046,-0.8994,-0.9147,-1.0226,-1.2054,-1.3202,-1.4061,-1.5565
W,G,0.2374,-0.2234,-0.4561,-0.758,-0.986,-1.1162,-1.1469,-1.2457,-1.4111,-1.5324,-1.7103,-1.9192,-2.0517,-2.0953,-2.2592,-2.3741
Y,G,-0.6575,-0.4074,-0.6879,-0.8646,-1.0977,-1.2338,-1.4203,-1.5199,-1.64,-1.847,-2.0034,-2.1233,-2.2625,-2.4043,-2.5908,-2.7793
V,G,-0.5081,-0.7669,-0.8918,-1.0613,-1.3122,-1.3934,-1.5111,-1.5694,-1.6523,-1.784,-1.8971,-1.9945,-2.1628,-2.3056,-2.4676,-2.6382
A,H,-0.3996,-0.4485,-0.5513,-0.6124,-0.6411,-0.7094,-0.7718,-0.8126,-0.891,-0.9118,-0.894,-0.959,-1.0418,-1.1141,-1.2634,-1.3872
R,H,-0.2607,-0.2329,-0.1178,-0.0394,-0.0268,-0.02,-0.0275,-0.1249,-0.0644,-0.1184,-0.094,-0.1116,-0.1139,-0.2003,-0.2614,-0.3393
N,H,-0.1471,0.246,0.2602,0.287,0.4793,0.4106,0.335,0.2892,0.2895,0.2326,0.2209,0.169,0.1661,0.1271,0.0837,-0.034
D,H,-0.4959,-0.1237,-0.0394,-0.0347,-0.1782,-0.3036,-0.4802,-0.5595,-0.6118,-0.6674,-0.7188,-0.7505,-0.8232,-0.8725,-0.9569,-1.1017
C,H,-1.0055,-0.9701,-1.0167,-1.0273,-0.9506,-1.1765,-1.4476,-1.4939,-1.6995,-1.8981,-1.9925,-2.1758,-2.3133,-2.3692,-2.4719,-2.7003
Q,H,-0.0329,-0.1385,0.0669,0.2023,0.2739,0.302,0.3041,0.224,0.2515,0.3148,0.326,0.3957,0.3606,0.3194,0.2928,0.2111
E,H,0.0119,-0.2043,-0.0408,-0.0563,-0.1337,-0.1785,-0.1136,-0.0588,-0.0637,-0.0565,-0.0526,-0.15,-0.2749,-0.3723,-0.4943,-0.6205
G,H,-0.5058,-0.4885,-0.593,-0.5949,-0.7339,-0.8188,-0.9503,-1.0204,-1.1499,-1.2445,-1.2455,-1.369,-1.4298,-1.577,-1.7082,-1.9208
H,H,2.8874,3.0897,3.1309,3.2498,3.3853,3.6018,3.7183,3.7555,3.8091,3.8707,3.9289,4.0063,4.121,4.2144,4.3206,4.4179
I,H,-0.4422,-0.6502,-0.8544,-1.1414,-1.2809,-1.3592,-1.5279,-1.6158,-1.6884,-1.842,-1.9364,-1.9549,-2.0256,-2.1063,-2.1945,-2.317
L,H,-0.2737,-0.428,-0.4265,-0.5781,-0.8692,-1.0771,-1.3017,-1.3934,-1.4988,-1.6003,-1.6174,-1.6698,-1.7075,-1.7894,-1.8766,-2.051
K,H,-0.4318,-0.5203,-0.2552,-0.1677,-0.0808,-0.1542,-0.2874,-0.3605,-0.3679,-0.3685,-0.3913,-0.4342,-0.4979,-0.5559,-0.6561,-0.8475
M,H,0.4225,0.3061,0.1522,-0.1233,-0.3957,-0.6171,-0.7186,-0.7756,-0.9162,-1.0341,-1.1141,-1.2106,-1.3105,-1.2982,-1.4598,-1.5854
F,H,-0.6657,-0.7083,-0.4758,-0.5583,-0.406,-0.468,-0.5556,-0.6171,-0.6267,-0.7018,-0.7726,-0.8063,-0.8855,-0.969,-1.0795,-1.2378
P,H,0.1826,-0.2715,-0.5396,-0.5968,-0.7811,-0.8605,-1.0203,-1.0805,-1.0607,-1.1545,-1.1899,-1.2527,-1.2691,-1.3236,-1.4171,-1.6802
S,H,-0.1544,-0.1579,-0.3142,-0.2271,-0.2818,-0.3756,-0.3904,-0.4408,-0.4571,-0.485,-0.555,-0.5964,-0.6829,-0.7508,-0.7908,-0.9197
T,H,-0.4853,-0.3764,-0.5441,-0.5018,-0.6156,-0.7477,-0.7817,-0.8429,-0.8896,-0.8384,-0.8776,-0.8901,-0.9726,-1.0836,-1.1563,-1.2978
W,H,-0.9655,-0.8913,-1.1792,-1.1462,-1.074,-1.0704,-1.1265,-1.1711,-1.1229,-1.1513,-1.2046,-1.3576,-1.2605,-1.3793,-1.4634,-1.6974
Y,H,-0.0079,-0.036,0.4281,0.5578,0.6508,0.6432,0.8117,0.8463,0.8573,0.924,0.9083,0.8634,0.7958,0.7015,0.5723,0.3925
V,H,-0.6586,-0.898,-1.074,-1.1307,-1.2736,-1.4109,-1.5696,-1.5587,-1.6262,-1.6818,-1.7559,-1.7912,-1.8288,-2.0007,-2.127,-2.326
A,I,-0.0819,-0.221,-0.3248,-0.4212,-0.4837,-0.5446,-0.5974,-0.6609,-0.696,-0.7728,-0.8363,-0.8802,-0.938,-1.0715,-1.172,-1.3143
R,I,-0.6107,-0.6428,-0.8155,-1.0339,-1.1999,-1.2697,-1.4043,-1.4951,-1.5368,-1.6237,-1.6753,-1.7401,-1.793,-1.8892,-2.0274,-2.2312
N,I,-0.0445,-0.2003,-0.5464,-0.8256,-1.1492,-1.2706,-1.4748,-1.6085,-1.7063,-1.7802,-1.8917,-1.9557,-2.0672,-2.1252,-2.1994,-2.3425
D,I,-0.7885,-0.7921,-0.9408,-1.1833,-1.4338,-1.4208,-1.4752,-1.5606,-1.721,-1.9277,-2.08,-2.224,-2.4245,-2.5425,-2.7169,-2.7834
C,I,-0.3383,-0.9167,-0.9046,-0.8815,-0.7681,-0.6882,-0.7103,-0.6138,-0.5619,-0.6644,-0.6737,-0.783,-0.8432,-0.9409,-0.9976,-1.0289
Q,I,-0.339,-0.5995,-0.8157,-0.791,-0.9924,-1.1847,-1.3429,-1.3848,-1.4747,-1.5801,-1.6528,-1.694,-1.7623,-1.8354,-1.9495,-2.0864
E,I,-0.6464,-0.7176,-0.9639,-1.0431,-1.2669,-1.3577,-1.5308,-1.5972,-1.6484,-1.8005,-1.886,-1.92,-1.9906,-2.0742,-2.1996,-2.3446
G,I,-0.2233,-0.7242,-0.9515,-1.2642,-1.433,-1.5467,-1.726,-1.8624,-2.0034,-2.1562,-2.2592,-2.4387,-2.6085,-2.7233,-2.8808,-3.0758
H,I,-0.4422,-0.6502,-0.8544,-1.1414,-1.2809,-1.3592,-1.5279,-1.6158,-1.6884,-1.842,-1.9364,-1.9549,-2.0256,-2.1063,-2.1945,-2.317
I,I,1.1591,1.3354,1.5605,1.6927,1.7702,1.8628,1.9585,1.9993,2.0417,2.1379,2.1977,2.2832,2.3671,2.4918,2.5969,2.743
L,I,0.3398,0.5656,0.6183,0.6746,0.7628,0.7371,0.7503,0.7608,0.7572,0.7676,0.7488,0.7355,0.7103,0.6693,0.6165,0.5341
K,I,-0.3798,-0.468,-0.668,-0.9096,-1.0945,-1.2301,-1.2933,-1.3351,-1.3703,-1.4973,-1.5975,-1.6742,-1.7433,-1.8158,-1.9156,-2.0481
M,I,0.1594,0.3052,0.3488,0.5413,0.5242,0.5041,0.583,0.5634,0.5653,0.6012,0.6126,0.5969,0.5999,0.5654,0.5106,0.4164
F,I,0.0801,0.1731,0.1812,0.0892,-0.0149,-0.04,-0.0685,-0.0804,-0.1205,-0.1537,-0.2014,-0.2506,-0.3063,-0.371,-0.4233,-0.5791
P,I,-0.5676,-0.353,-0.4939,-0.714,-0.968,-1.1139,-1.3626,-1.3783,-1.4754,-1.6226,-1.6997,-1.807,-1.8667,-1.9392,-2.0141,-2.2173
S,I,-0.1588,-0.3819,-0.5635,-0.6934,-0.874,-0.9998,-1.1297,-1.1741,-1.2361,-1.2982,-1.3672,-1.3997,-1.5058,-1.5892,-1.6911,-1.7805
T,I,-0.0222,-0.1274,-0.1389,-0.2387,-0.2164,-0.2699,-0.3355,-0.3588,-0.3763,-0.4243,-0.4644,-0.5135,-0.5751,-0.6887,-0.7717,-0.8608
W,I,-0.6641,-0.2969,-0.7857,-0.8239,-0.9365,-1.087,-1.244,-1.2903,-1.2009,-1.3229,-1.3952,-1.5431,-1.7048,-1.8135,-1.8545,-2.0995
Y,I,-0.1371,0.0389,-0.0803,-0.1417,-0.2756,-0.4579,-0.5812,-0.6657,-0.6249,-0.7052,-0.7761,-0.8908,-0.9751,-1.0627,-1.1254,-1.2754
V,I,0.7682,0.9322,1.0492,1.1217,1.2096,1.2464,1.2581,1.2735,1.2784,1.2795,1.3035,1.3195,1.3292,1.3072,1.2877,1.2464
A,L,-0.2938,-0.4162,-0.4602,-0.4893,-0.6061,-0.6793,-0.6911,-0.7323,-0.7933,-0.8838,-0.9451,-0.9869,-1.0416,-1.1639,-1.2355,-1.3282
R,L,-0.4795,-0.4594,-0.5657,-0.7342,-0.852,-0.9109,-1.0522,-1.0773,-1.1555,-1.3365,-1.4173,-1.4626,-1.529,-1.6163,-1.7297,-1.8803
N,L,-0.3083,-0.6128,-0.8236,-1.0478,-1.277,-1.4208,-1.5965,-1.6895,-1.7951,-1.8873,-1.964,-2.0018,-2.1188,-2.1566,-2.281,-2.3943
D,L,-0.2158,-0.5551,-0.8207,-1.1124,-1.423,-1.5311,-1.7346,-1.8028,-1.9443,-2.1309,-2.2461,-2.3425,-2.4628,-2.5478,-2.6286,-2.8055
C,L,-0.0547,-0.5182,-0.5769,-0.572,-0.6213,-0.6672,-0.66,-0.6387,-0.692,-0.8426,-0.8795,-1.0213,-1.1248,-1.234,-1.3969,-1.5159
Q,L,-0.3262,-0.4718,-0.4439,-0.6393,-0.829,-0.8898,-0.9977,-1.067,-1.0968,-1.201,-1.2685,-1.2972,-1.3694,-1.4162,-1.4614,-1.5553
E,L,-0.1769,-0.3231,-0.5498,-0.809,-1.0636,-1.2081,-1.3612,-1.4232,-1.5245,-1.6923,-1.7747,-1.8597,-1.984,-2.0756,-2.2018,-2.4066
G,L,-0.4156,-0.7447,-1.016,-1.1517,-1.4077,-1.5588,-1.7856,-1.8135,-1.9056,-2.0541,-2.1268,-2.2478,-2.3891,-2.448,-2.5756,-2.7361
H,L,-0.2737,-0.428,-0.4265,-0.5781,-0.8692,-1.0771,-1.3017,-1.3934,-1.4988,-1.6003,-1.6174,-1.6698,-1.7075,-1.7894,-1.8766,-2.051
I,L,0.3398,0.5656,0.6183,0.6746,0.7628,0.7371,0.7503,0.7608,0.7572,0.7676,0.7488,0.7355,0.7103,0.6693,0.6165,0.5341
L,L,0.7075,1.2143,1.3937,1.5836,1.7347,1.8385,1.895,1.9247,1.9607,2.0253,2.0753,2.158,2.2375,2.331,2.4294,2.5372
K,L,-0.3311,-0.5062,-0.549,-0.8532,-1.0613,-1.1428,-1.202,-1.2234,-1.2671,-1.3323,-1.4154,-1.4866,-1.5769,-1.65,-1.7447,-1.8876
M,L,0.4433,0.6493,0.7989,0.792,0.8399,0.9289,0.9569,0.9959,1.044,1.057,1.0602,1.0859,1.0688,1.0545,1.0118,0.8988
F,L,0.4088,0.4205,0.4228,0.3818,0.3354,0.315,0.2318,0.2074,0.2303,0.191,0.1856,0.1561,0.1079,0.0712,0.0132,-0.1027
P,L,-0.5555,-0.7493,-0.938,-1.0652,-1.1724,-1.2767,-1.3848,-1.43,-1.5328,-1.6001,-1.676,-1.7221,-1.7549,-1.8773,-1.9961,-2.168
S,L,-0.3471,-0.4644,-0.6751,-0.8477,-0.9697,-1.0872,-1.1819,-1.2213,-1.2835,-1.3053,-1.3731,-1.4403,-1.5031,-1.561,-1.7185,-1.8353
T,L,0.063,-0.0762,-0.212,-0.3571,-0.3975,-0.5294,-0.5748,-0.5987,-0.6439,-0.7541,-0.7727,-0.8343,-0.8907,-0.9788,-1.1079,-1.2691
W,L,-0.3141,-0.049,-0.3347,-0.5759,-0.7333,-0.8447,-0.8188,-0.8159,-1.0418,-0.9977,-1.0727,-1.1884,-1.3018,-1.4234,-1.5599,-1.7825
Y,L,0.5066,0.1116,-0.0013,-0.0513,-0.2203,-0.2958,-0.4612,-0.531,-0.5377,-0.6187,-0.6943,-0.7846,-0.8468,-0.9748,-1.0872,-1.3012
V,L,0.2966,0.4072,0.4508,0.4154,0.4052,0.3858,0.3988,0.3942,0.3739,0.3625,0.3309,0.2875,0.2414,0.1801,0.1174,0.0356
A,K,-0.0444,-0.1058,-0.187,-0.347,-0.4196,-0.4043,-0.3986,-0.367,-0.3886,-0.43,-0.4304,-0.4681,-0.5127,-0.5906,-0.6708,-0.774
R,K,0.2769,0.4535,0.778,0.958,1.0459,1.0531,1.0693,1.0544,1.0919,1.1095,1.1251,1.1323,1.1131,1.111,1.0977,1.0475
N,K,0.0677,0.0056,0.0653,0.1619,0.0846,0.0042,-0.0623,-0.0895,-0.0798,-0.0869,-0.0701,-0.0917,-0.1316,-0.1638,-0.2315,-0.3595
D,K,-0.0325,-0.1443,-0.0822,-0.0867,-0.1676,-0.2051,-0.2811,-0.3509,-0.3813,-0.4483,-0.511,-0.563,-0.6116,-0.6875,-0.7612,-0.8916
C,K,-0.6295,-0.4686,-0.6307,-0.8711,-1.1207,-1.3419,-1.5006,-1.5182,-1.6489,-1.8061,-1.9011,-2.052,-2.1494,-2.213,-2.4014,-2.5291
Q,K,-0.0314,0.0695,0.2684,0.4115,0.5044,0.5748,0.6438,0.6363,0.6546,0.6565,0.6396,0.6079,0.6075,0.5704,0.5595,0.5036
E,K,0.4897,0.3296,0.331,0.3526,0.4126,0.4378,0.4068,0.3877,0.3881,0.3488,0.3125,0.2569,0.1889,0.1075,0.0615,-0.1014
G,K,-0.1944,-0.231,-0.4124,-0.5609,-0.6107,-0.6693,-0.7434,-0.764,-0.8274,-0.8955,-0.9429,-1.0486,-1.1343,-1.2254,-1.3563,-1.5262
H,K,-0.4318,-0.5203,-0.2552,-0.1677,-0.0808,-0.1542,-0.2874,-0.3605,-0.3679,-0.3685,-0.3913,-0.4342,-0.4979,-0.5559,-0.6561,-0.8475
I,K,-0.3798,-0.468,-0.668,-0.9096,-1.0945,-1.2301,-1.2933,-1.3351,-1.3703,-1.4973,-1.5975,-1.6742,-1.7433,-1.8158,-1.9156,-2.0481
L,K,-0.3311,-0.5062,-0.549,-0.8532,-1.0613,-1.1428,-1.202,-1.2234,-1.2671,-1.3323,-1.4154,-1.4866,-1.5769,-1.65,-1.7447,-1.8876
K,K,0.7928,1.2017,1.4534,1.7343,1.9564,2.0776,2.1976,2.2523,2.3462,2.4549,2.5476,2.6612,2.7818,2.8894,3.0163,3.1743
M,K,0.3958,-0.0189,-0.2599,-0.4384,-0.5453,-0.6564,-0.6888,-0.6774,-0.7675,-0.7697,-0.8351,-0.904,-0.9031,-0.9886,-1.0668,-1.184
F,K,-0.2366,-0.2954,-0.651,-0.9181,-1.1682,-1.3203,-1.4428,-1.5393,-1.6079,-1.6894,-1.766,-1.8226,-1.8495,-1.8681,-1.9121,-2.0733
P,K,0.1325,-0.0719,-0.2611,-0.3562,-0.389,-0.3901,-0.442,-0.5068,-0.5445,-0.602,-0.6605,-0.7449,-0.7902,-0.8518,-0.9248,-1.0759
S,K,0.0981,-0.049,-0.1148,-0.1682,-0.1633,-0.1065,-0.1119,-0.1017,-0.1561,-0.2007,-0.2448,-0.286,-0.3738,-0.4502,-0.5293,-0.6401
T,K,-0.1896,-0.0183,-0.0845,-0.177,-0.2433,-0.2956,-0.3196,-0.3348,-0.3665,-0.3606,-0.3914,-0.4428,-0.4868,-0.5552,-0.6709,-0.8583
W,K,-0.3743,-0.0713,-0.5998,-0.8325,-1.1153,-1.2421,-1.4606,-1.4782,-1.6645,-1.7463,-1.9016,-2.0503,-2.2978,-2.515,-2.5514,-2.74
Y,K,-0.2837,-0.2907,-0.3194,-0.4401,-0.5826,-0.7346,-0.8457,-0.91,-0.9943,-1.1106,-1.1554,-1.2916,-1.408,-1.5304,-1.5802,-1.7587
V,K,-0.4031,-0.4579,-0.5712,-0.7572,-0.9357,-1.0144,-1.0762,-1.1312,-1.1673,-1.263,-1.3591,-1.4336,-1.4952,-1.6064,-1.6838,-1.8227
A,M,0.1076,-0.016,-0.1302,-0.2839,-0.2286,-0.3374,-0.4531,-0.4676,-0.524,-0.582,-0.6192,-0.6769,-0.7504,-0.8653,-0.9796,-1.1445
R,M,-0.0576,-0.018,-0.1846,-0.366,-0.5606,-0.6319,-0.6688,-0.6836,-0.8167,-0.8726,-0.9348,-0.9832,-1.0752,-1.1107,-1.1186,-1.1814
N,M,-0.0614,-0.2003,-0.4477,-0.5527,-0.7095,-0.8959,-1.037,-1.0754,-1.205,-1.232,-1.3108,-1.3899,-1.4702,-1.5546,-1.6506,-1.7832
D,M,-0.5467,-0.8034,-0.7953,-1.0162,-1.2009,-1.2901,-1.5246,-1.5293,-1.6739,-1.7439,-1.8752,-1.9888,-2.1379,-2.2113,-2.361,-2.5252
C,M,-0.4855,-0.8798,-0.7797,-0.728,-0.5544,-0.6781,-0.7305,-0.7099,-0.7701,-0.881,-0.9176,-1.0017,-1.1088,-1.2273,-1.3445,-1.4873
Q,M,-0.1933,-0.2119,-0.21,-0.0886,-0.059,-0.1175,-0.195,-0.2105,-0.2295,-0.1958,-0.1542,-0.1737,-0.2227,-0.2351,-0.333,-0.518
E,M,-0.1523,-0.4838,-0.5377,-0.7017,-0.7248,-0.9374,-0.943,-0.999,-1.0806,-1.1554,-1.1206,-1.2224,-1.3465,-1.4679,-1.5665,-1.8255
G,M,-0.3459,-0.3266,-0.5372,-0.7743,-0.945,-1.1125,-1.2458,-1.3383,-1.4471,-1.5797,-1.6737,-1.8056,-1.9779,-2.0748,-2.2066,-2.303
H,M,0.4225,0.3061,0.1522,-0.1233,-0.3957,-0.6171,-0.7186,-0.7756,-0.9162,-1.0341,-1.1141,-1.2106,-1.3105,-1.2982,-1.4598,-1.5854
I,M,0.1594,0.3052,0.3488,0.5413,0.5242,0.5041,0.583,0.5634,0.5653,0.6012,0.6126,0.5969,0.5999,0.5654,0.5106,0.4164
L,M,0.4433,0.6493,0.7989,0.792,0.8399,0.9289,0.9569,0.9959,1.044,1.057,1.0602,1.0859,1.0688,1.0545,1.0118,0.8988
K,M,0.3958,-0.0189,-0.2599,-0.4384,-0.5453,-0.6564,-0.6888,-0.6774,-0.7675,-0.7697,-0.8351,-0.904,-0.9031,-0.9886,-1.0668,-1.184
M,M,1.283,1.4669,1.7144,2.0406,2.2677,2.5559,2.6413,2.6963,2.8189,2.9254,2.9995,3.1511,3.3346,3.5033,3.6741,3.8826
F,M,-0.3355,-0.1177,0.0507,0.0875,0.0726,0.0925,0.0114,0.0063,-0.0213,-0.0848,-0.1253,-0.1627,-0.2752,-0.302,-0.3434,-0.41
P,M,-0.7909,-0.8088,-0.5889,-0.6356,-0.8762,-1.0763,-1.2211,-1.2382,-1.299,-1.3495,-1.4125,-1.4662,-1.6,-1.6615,-1.6432,-1.7691
S,M,-0.4897,-0.3093,-0.4262,-0.5987,-0.5515,-0.6586,-0.727,-0.7404,-0.845,-0.855,-0.9071,-1.0045,-1.0791,-1.1874,-1.3078,-1.4686
T,M,-0.0777,-0.0844,-0.173,-0.2168,-0.1806,-0.2489,-0.3121,-0.3331,-0.3519,-0.3692,-0.3565,-0.3998,-0.4616,-0.5585,-0.7077,-0.8166
W,M,-0.5587,0.1775,-0.4749,-0.6567,-0.393,-0.6098,-0.6494,-0.7124,-0.8488,-0.9404,-0.8892,-0.8348,-0.9219,-1.0211,-1.1837,-1.3252
Y,M,-0.1111,0.1118,0.2126,0.033,-0.1237,-0.2594,-0.408,-0.4974,-0.5518,-0.6584,-0.7852,-0.8627,-0.9182,-1.0579,-1.2526,-1.5117
V,M,0.0976,0.1749,0.1756,0.3055,0.2789,0.2827,0.3612,0.3436,0.3294,0.3105,0.3062,0.2918,0.2415,0.1856,0.1136,0.053
A,F,-0.3011,-0.5129,-0.6843,-0.7677,-0.8722,-0.8975,-1.0474,-1.105,-1.1643,-1.2444,-1.316,-1.3335,-1.4268,-1.5274,-1.622,-1.7834
R,F,-0.1678,-0.2916,-0.5687,-0.7623,-1.1147,-1.1524,-1.3399,-1.3932,-1.4751,-1.6022,-1.7102,-1.7995,-1.8617,-1.9312,-2.0139,-2.1536
N,F,-0.1967,-0.3667,-0.6566,-0.8048,-1.1887,-1.3453,-1.4507,-1.497,-1.5964,-1.7303,-1.8145,-1.8747,-2.0015,-2.0772,-2.2247,-2.3768
D,F,-1.0822,-0.8098,-0.9246,-1.2142,-1.568,-1.7352,-1.7027,-1.7419,-1.7754,-1.8906,-1.9936,-2.0927,-2.2425,-2.3403,-2.4941,-2.567
C,F,-0.5145,-0.9221,-0.6182,-0.733,-0.8237,-0.9193,-1.1043,-1.1877,-1.1388,-1.1577,-1.1986,-1.341,-1.3387,-1.3489,-1.3559,-1.4044
Q,F,-0.6954,-0.9236,-1.0013,-1.1728,-1.262,-1.4027,-1.5235,-1.5822,-1.5802,-1.677,-1.7502,-1.8102,-1.8035,-1.8327,-1.8965,-2.0385
E,F,-0.781,-0.6989,-0.8405,-1.0064,-1.1327,-1.3596,-1.547,-1.5962,-1.6865,-1.8484,-1.9251,-2.006,-2.1327,-2.2869,-2.4241,-2.7018
G,F,-0.59,-0.7518,-0.7977,-1.0579,-1.2725,-1.3954,-1.5096,-1.5537,-1.6356,-1.7525,-1.8683,-2.007,-2.2231,-2.3434,-2.4853,-2.6504
H,F,-0.6657,-0.7083,-0.4758,-0.5583,-0.406,-0.468,-0.5556,-0.6171,-0.6267,-0.7018,-0.7726,-0.8063,-0.8855,-0.969,-1.0795,-1.2378
I,F,0.0801,0.1731,0.1812,0.0892,-0.0149,-0.04,-0.0685,-0.0804,-0.1205,-0.1537,-0.2014,-0.2506,-0.3063,-0.371,-0.4233,-0.5791
L,F,0.4088,0.4205,0.4228,0.3818,0.3354,0.315,0.2318,0.2074,0.2303,0.191,0.1856,0.1561,0.1079,0.0712,0.0132,-0.1027
K,F,-0.2366,-0.2954,-0.651,-0.9181,-1.1682,-1.3203,-1.4428,-1.5393,-1.6079,-1.6894,-1.766,-1.8226,-1.8495,-1.8681,-1.9121,-2.0733
M,F,-0.3355,-0.1177,0.0507,0.0875,0.0726,0.0925,0.0114,0.0063,-0.0213,-0.0848,-0.1253,-0.1627,-0.2752,-0.302,-0.3434,-0.41
F,F,1.9459,2.1145,2.2922,2.5231,2.7304,2.8486,2.9723,3.023,3.0422,3.1179,3.168,3.2457,3.3069,3.3949,3.4651,3.5574
P,F,-0.8632,-1.0794,-1.0556,-1.1482,-1.4122,-1.5776,-1.7792,-1.7986,-1.8445,-1.9608,-1.9894,-2.0761,-2.157,-2.2348,-2.3172,-2.4845
S,F,-0.1293,-0.3215,-0.604,-0.7143,-0.8547,-0.9895,-1.1436,-1.1845,-1.2459,-1.307,-1.3713,-1.4379,-1.5251,-1.5851,-1.6551,-1.7483
T,F,-0.4448,-0.2926,-0.329,-0.4818,-0.8101,-0.925,-1.0206,-1.0538,-1.0422,-1.0841,-1.1205,-1.1675,-1.2503,-1.3564,-1.4586,-1.6066
W,F,0.2614,0.2419,0.2954,0.4382,0.4309,0.5018,0.4119,0.4588,0.4511,0.3993,0.2589,0.1235,0.0066,-0.026,0.0153,-0.0773
Y,F,0.6151,0.8642,0.9742,1.1273,1.2776,1.3696,1.4099,1.4696,1.4448,1.4425,1.4244,1.4752,1.4567,1.4708,1.4683,1.4064
V,F,0.141,0.1497,-0.007,-0.0702,-0.2182,-0.3103,-0.4156,-0.4245,-0.4408,-0.4867,-0.5314,-0.624,-0.6984,-0.7927,-0.8744,-1.0203
A,P,-0.1976,-0.4069,-0.4242,-0.497,-0.4844,-0.4706,-0.4593,-0.4071,-0.4048,-0.3484,-0.3299,-0.375,-0.4238,-0.4899,-0.6144,-0.7203
R,P,-0.2655,-0.5457,-0.7219,-0.7818,-0.9472,-1.0276,-1.0876,-1.0543,-1.0587,-1.0782,-1.1097,-1.1662,-1.2086,-1.2887,-1.3897,-1.5546
N,P,-0.6021,-0.4571,-0.5081,-0.643,-0.7267,-0.8008,-0.951,-1.0002,-1.0941,-1.2356,-1.3024,-1.3296,-1.4613,-1.5115,-1.6426,-1.8242
D,P,-0.1587,-0.294,-0.3909,-0.4659,-0.4949,-0.6035,-0.7233,-0.7401,-0.8413,-0.9867,-1.068,-1.1443,-1.2376,-1.3225,-1.4259,-1.589
C,P,-0.6779,-1.0737,-1.1285,-1.281,-1.3109,-1.1311,-1.3288,-1.3976,-1.5437,-1.645,-1.7698,-1.8934,-2.0654,-2.1193,-2.3716,-2.544
Q,P,-0.0383,-0.0793,-0.3773,-0.4829,-0.4141,-0.4803,-0.6046,-0.641,-0.6589,-0.7825,-0.8367,-0.8943,-0.9802,-1.0391,-1.115,-1.2041
E,P,0.1468,-0.0768,-0.0534,-0.1349,-0.2536,-0.4011,-0.5379,-0.5581,-0.5832,-0.6873,-0.748,-0.7824,-0.8529,-0.9187,-1.0553,-1.2853
G,P,-0.1043,-0.3898,-0.3399,-0.5101,-0.6893,-0.8769,-1.03,-1.0668,-1.1545,-1.3082,-1.4177,-1.5257,-1.6596,-1.7418,-1.8819,-2.0302
H,P,0.1826,-0.2715,-0.5396,-0.5968,-0.7811,-0.8605,-1.0203,-1.0805,-1.0607,-1.1545,-1.1899,-1.2527,-1.2691,-1.3236,-1.4171,-1.6802
I,P,-0.5676,-0.353,-0.4939,-0.714,-0.968,-1.1139,-1.3626,-1.3783,-1.4754,-1.6226,-1.6997,-1.807,-1.8667,-1.9392,-2.0141,-2.2173
L,P,-0.5555,-0.7493,-0.938,-1.0652,-1.1724,-1.2767,-1.3848,-1.43,-1.5328,-1.6001,-1.676,-1.7221,-1.7549,-1.8773,-1.9961,-2.168
K,P,0.1325,-0.0719,-0.2611,-0.3562,-0.389,-0.3901,-0.442,-0.5068,-0.5445,-0.602,-0.6605,-0.7449,-0.7902,-0.8518,-0.9248,-1.0759
M,P,-0.7909,-0.8088,-0.5889,-0.6356,-0.8762,-1.0763,-1.2211,-1.2382,-1.299,-1.3495,-1.4125,-1.4662,-1.6,-1.6615,-1.6432,-1.7691
F,P,-0.8632,-1.0794,-1.0556,-1.1482,-1.4122,-1.5776,-1.7792,-1.7986,-1.8445,-1.9608,-1.9894,-2.0761,-2.157,-2.2348,-2.3172,-2.4845
P,P,2.274,2.5898,2.8305,3.1406,3.351,3.4659,3.6346,3.6823,3.7526,3.8155,3.8629,3.9217,3.9731,4.0079,4.0632,4.1585
S,P,-0.24,-0.4906,-0.3281,-0.4155,-0.397,-0.4041,-0.4459,-0.4045,-0.453,-0.4811,-0.5425,-0.6177,-0.7117,-0.7522,-0.8331,-0.9612
T,P,-0.0466,-0.0063,-0.1081,-0.2239,-0.4178,-0.4818,-0.574,-0.5376,-0.5982,-0.6937,-0.7272,-0.8356,-0.9833,-1.0572,-1.2205,-1.3017
W,P,-0.6158,-0.9434,-0.9796,-0.9296,-1.2512,-1.5796,-1.79,-1.8271,-1.933,-2.0558,-2.2546,-2.4898,-2.3461,-2.5189,-2.6265,-2.8241
Y,P,-0.424,-0.6669,-0.823,-1.0624,-1.0949,-1.2364,-1.4464,-1.4599,-1.5011,-1.6777,-1.8521,-1.9571,-2.1424,-2.2306,-2.3484,-2.4704
V,P,-0.705,-0.6384,-0.8078,-0.8889,-0.9312,-1.0476,-1.1492,-1.1744,-1.1917,-1.2813,-1.3746,-1.4335,-1.5307,-1.6302,-1.7708,-1.956
A,S,0.1941,0.2373,0.3414,0.3789,0.4474,0.5022,0.535,0.5579,0.6195,0.6152,0.6374,0.6179,0.5715,0.5388,0.5113,0.4644
R,S,-0.1068,-0.1579,-0.2876,-0.3236,-0.3138,-0.3342,-0.3912,-0.3824,-0.4026,-0.4355,-0.485,-0.5259,-0.5724,-0.6732,-0.7703,-0.8855
N,S,0.0275,-0.0402,0.2271,0.2627,0.292,0.2599,0.3044,0.3005,0.2568,0.2478,0.2204,0.2208,0.1816,0.1334,0.054,-0.0661
D,S,-0.0239,-0.1815,-0.0972,-0.1056,-0.118,-0.1187,-0.1202,-0.1305,-0.18,-0.2197,-0.2942,-0.3695,-0.4395,-0.5214,-0.616,-0.7188
C,S,-0.3729,-0.6977,-0.2737,-0.3275,-0.2691,-0.3252,-0.3978,-0.4375,-0.4274,-0.533,-0.6334,-0.7956,-0.8179,-0.933,-0.9574,-0.982
Q,S,-0.1719,0.1196,0.2758,0.1268,0.0959,-0.007,-0.0412,-0.0506,-0.0888,-0.1297,-0.1838,-0.2193,-0.2843,-0.346,-0.4334,-0.5808
E,S,-0.0906,-0.076,-0.0849,-0.1327,-0.181,-0.1467,-0.0847,-0.0735,-0.0853,-0.1107,-0.1532,-0.2429,-0.3383,-0.3961,-0.4688,-0.5941
G,S,0.0898,0.2215,0.1243,0.0813,-0.0011,-0.0662,-0.1028,-0.1462,-0.2105,-0.2604,-0.2891,-0.3505,-0.4463,-0.5136,-0.5906,-0.6754
H,S,-0.1544,-0.1579,-0.3142,-0.2271,-0.2818,-0.3756,-0.3904,-0.4408,-0.4571,-0.485,-0.555,-0.5964,-0.6829,-0.7508,-0.7908,-0.9197
I,S,-0.1588,-0.3819,-0.5635,-0.6934,-0.874,-0.9998,-1.1297,-1.1741,-1.2361,-1.2982,-1.3672,-1.3997,-1.5058,-1.5892,-1.6911,-1.7805
L,S,-0.3471,-0.4644,-0.6751,-0.8477,-0.9697,-1.0872,-1.1819,-1.2213,-1.2835,-1.3053,-1.3731,-1.4403,-1.5031,-1.561,-1.7185,-1.8353
K,S,0.0981,-0.049,-0.1148,-0.1682,-0.1633,-0.1065,-0.1119,-0.1017,-0.1561,-0.2007,-0.2448,-0.286,-0.3738,-0.4502,-0.5293,-0.6401
M,S,-0.4897,-0.3093,-0.4262,-0.5987,-0.5515,-0.6586,-0.727,-0.7404,-0.845,-0.855,-0.9071,-1.0045,-1.0791,-1.1874,-1.3078,-1.4686
F,S,-0.1293,-0.3215,-0.604,-0.7143,-0.8547,-0.9895,-1.1436,-1.1845,-1.2459,-1.307,-1.3713,-1.4379,-1.5251,-1.5851,-1.6551,-1.7483
P,S,-0.24,-0.4906,-0.3281,-0.4155,-0.397,-0.4041,-0.4459,-0.4045,-0.453,-0.4811,-0.5425,-0.6177,-0.7117,-0.7522,-0.8331,-0.9612
S,S,0.8366,1.1192,1.2562,1.4761,1.6521,1.784,1.9022,1.9422,2.0399,2.1503,2.2642,2.3521,2.4793,2.583,2.6939,2.8474
T,S,0.4001,0.438,0.4572,0.5583,0.5823,0.6171,0.6702,0.6906,0.6929,0.7161,0.7189,0.7334,0.73,0.7037,0.6517,0.6029
W,S,-0.6502,-0.5746,-1.196,-1.2231,-1.3499,-1.4287,-1.3859,-1.3759,-1.6096,-1.603,-1.7485,-1.8848,-1.9961,-2.1183,-2.1161,-2.2315
Y,S,-0.4233,-0.354,-0.4942,-0.5025,-0.6192,-0.7371,-0.8345,-0.8429,-0.9438,-0.9246,-1.0596,-1.114,-1.1953,-1.2807,-1.4218,-1.5991
V,S,-0.2212,-0.2823,-0.3606,-0.4583,-0.5592,-0.6833,-0.7933,-0.8231,-0.8907,-0.9429,-0.9769,-1.0184,-1.0737,-1.1539,-1.2513,-1.33
A,T,0.1652,0.0613,0.007,0.0008,-0.0479,-0.0074,-0.026,-0.0227,-0.0447,-0.0265,-0.0259,-0.0297,-0.0474,-0.0974,-0.1616,-0.2593
R,T,-0.5317,-0.4273,-0.4156,-0.4837,-0.4412,-0.4949,-0.5317,-0.5612,-0.5864,-0.6342,-0.6791,-0.7409,-0.8063,-0.9286,-1.0035,-1.1569
N,T,0.2145,-0.019,-0.0158,0.1567,0.1491,0.084,0.0329,-0.023,-0.0426,-0.0665,-0.0856,-0.1392,-0.1852,-0.2412,-0.2585,-0.3314
D,T,-0.1196,-0.3497,-0.1552,-0.1908,-0.2772,-0.385,-0.4644,-0.5254,-0.5054,-0.5823,-0.6378,-0.711,-0.8303,-0.9187,-1.0449,-1.1801
C,T,-0.4327,-0.2375,-0.2332,-0.2832,-0.29,-0.2274,-0.3879,-0.4333,-0.5178,-0.6058,-0.6516,-0.7328,-0.7524,-0.8669,-0.9553,-0.9838
Q,T,-0.0847,-0.1153,-0.3123,-0.3573,-0.3034,-0.271,-0.3073,-0.3377,-0.3683,-0.3703,-0.4198,-0.4652,-0.5025,-0.5746,-0.6787,-0.8468
E,T,-0.3697,-0.2108,-0.2799,-0.2638,-0.288,-0.3613,-0.4255,-0.4316,-0.4064,-0.4374,-0.4752,-0.5447,-0.6213,-0.7053,-0.8137,-1.0028
G,T,-0.3103,-0.5119,-0.475,-0.5294,-0.6523,-0.68,-0.7649,-0.7877,-0.8046,-0.8994,-0.9147,-1.0226,-1.2054,-1.3202,-1.4061,-1.5565
H,T,-0.4853,-0.3764,-0.5441,-0.5018,-0.6156,-0.7477,-0.7817,-0.8429,-0.8896,-0.8384,-0.8776,-0.8901,-0.9726,-1.0836,-1.1563,-1.2978
I,T,-0.0222,-0.1274,-0.1389,-0.2387,-0.2164,-0.2699,-0.3355,-0.3588,-0.3763,-0.4243,-0.4644,-0.5135,-0.5751,-0.6887,-0.7717,-0.8608
L,T,0.063,-0.0762,-0.212,-0.3571,-0.3975,-0.5294,-0.5748,-0.5987,-0.6439,-0.7541,-0.7727,-0.8343,-0.8907,-0.9788,-1.1079,-1.2691
K,T,-0.1896,-0.0183,-0.0845,-0.177,-0.2433,-0.2956,-0.3196,-0.3348,-0.3665,-0.3606,-0.3914,-0.4428,-0.4868,-0.5552,-0.6709,-0.8583
M,T,-0.0777,-0.0844,-0.173,-0.2168,-0.1806,-0.2489,-0.3121,-0.3331,-0.3519,-0.3692,-0.3565,-0.3998,-0.4616,-0.5585,-0.7077,-0.8166
F,T,-0.4448,-0.2926,-0.329,-0.4818,-0.8101,-0.925,-1.0206,-1.0538,-1.0422,-1.0841,-1.1205,-1.1675,-1.2503,-1.3564,-1.4586,-1.6066
P,T,-0.0466,-0.0063,-0.1081,-0.2239,-0.4178,-0.4818,-0.574,-0.5376,-0.5982,-0.6937,-0.7272,-0.8356,-0.9833,-1.0572,-1.2205,-1.3017
S,T,0.4001,0.438,0.4572,0.5583,0.5823,0.6171,0.6702,0.6906,0.6929,0.7161,0.7189,0.7334,0.73,0.7037,0.6517,0.6029
T,T,1.0339,1.2311,1.4225,1.6502,1.8291,2.0106,2.1936,2.2727,2.3424,2.4657,2.5434,2.6335,2.7392,2.8597,2.9579,3.0953
W,T,-0.9095,-0.3844,-1.0569,-1.1388,-0.9923,-1.1472,-1.2219,-1.2145,-1.4147,-1.5127,-1.6678,-1.8105,-1.8907,-2.1387,-2.205,-2.3648
Y,T,-0.2156,-0.4365,-0.3664,-0.4277,-0.5338,-0.6564,-0.7771,-0.803,-0.8746,-0.9404,-1.0142,-1.0757,-1.1805,-1.2497,-1.393,-1.5845
V,T,0.2159,0.2247,0.2281,0.0569,0.084,-0.0128,-0.0167,-0.0278,-0.0821,-0.0916,-0.116,-0.1657,-0.2427,-0.3146,-0.3437,-0.4255
A,W,-0.9076,-0.4551,-0.6446,-0.8225,-1.1092,-1.2106,-1.2815,-1.2634,-1.355,-1.45,-1.6135,-1.693,-1.7063,-1.8179,-1.8437,-2.0735
R,W,-0.0982,-0.0575,-0.446,-0.7855,-0.9191,-1.0891,-1.2988,-1.3397,-1.5147,-1.5751,-1.7148,-1.7649,-1.8719,-2.0064,-2.0099,-2.2074
N,W,-1.3596,-0.6096,-1.0119,-1.3596,-1.4124,-1.6235,-1.8002,-1.848,-1.8573,-1.9329,-2.0736,-2.1759,-2.2657,-2.4875,-2.6706,-2.7577
D,W,-0.8289,-0.6947,-1.164,-1.4213,-1.7035,-1.798,-2.0895,-2.1072,-2.3632,-2.3899,-2.5616,-2.7881,-2.9964,-3.1127,-3.1717,-3.4143
C,W,-0.3074,-1.1252,-1.437,-1.5838,-1.6798,-1.3293,-1.0887,-1.1521,-1.234,-1.2857,-1.4812,-1.7263,-1.8071,-1.9966,-2.193,-2.3761
Q,W,-0.2615,-0.3241,-0.3606,-0.6322,-0.4846,-0.7404,-0.8864,-0.9732,-1.1741,-1.0925,-1.1586,-1.2937,-1.421,-1.51,-1.5894,-1.6261
E,W,-0.1622,-0.1376,-0.6078,-0.9453,-0.8676,-1.1126,-1.3452,-1.4177,-1.6867,-1.7818,-1.8427,-2.054,-2.2195,-2.3028,-2.4813,-2.5782
G,W,0.2374,-0.2234,-0.4561,-0.758,-0.986,-1.1162,-1.1469,-1.2457,-1.4111,-1.5324,-1.7103,-1.9192,-2.0517,-2.0953,-2.2592,-2.3741
H,W,-0.9655,-0.8913,-1.1792,-1.1462,-1.074,-1.0704,-1.1265,-1.1711,-1.1229,-1.1513,-1.2046,-1.3576,-1.2605,-1.3793,-1.4634,-1.6974
I,W,-0.6641,-0.2969,-0.7857,-0.8239,-0.9365,-1.087,-1.244,-1.2903,-1.2009,-1.3229,-1.3952,-1.5431,-1.7048,-1.8135,-1.8545,-2.0995
L,W,-0.3141,-0.049,-0.3347,-0.5759,-0.7333,-0.8447,-0.8188,-0.8159,-1.0418,-0.9977,-1.0727,-1.1884,-1.3018,-1.4234,-1.5599,-1.7825
K,W,-0.3743,-0.0713,-0.5998,-0.8325,-1.1153,-1.2421,-1.4606,-1.4782,-1.6645,-1.7463,-1.9016,-2.0503,-2.2978,-2.515,-2.5514,-2.74
M,W,-0.5587,0.1775,-0.4749,-0.6567,-0.393,-0.6098,-0.6494,-0.7124,-0.8488,-0.9404,-0.8892,-0.8348,-0.9219,-1.0211,-1.1837,-1.3252
F,W,0.2614,0.2419,0.2954,0.4382,0.4309,0.5018,0.4119,0.4588,0.4511,0.3993,0.2589,0.1235,0.0066,-0.026,0.0153,-0.0773
P,W,-0.6158,-0.9434,-0.9796,-0.9296,-1.2512,-1.5796,-1.79,-1.8271,-1.933,-2.0558,-2.2546,-2.4898,-2.3461,-2.5189,-2.6265,-2.8241
S,W,-0.6502,-0.5746,-1.196,-1.2231,-1.3499,-1.4287,-1.3859,-1.3759,-1.6096,-1.603,-1.7485,-1.8848,-1.9961,-2.1183,-2.1161,-2.2315
T,W,-0.9095,-0.3844,-1.0569,-1.1388,-0.9923,-1.1472,-1.2219,-1.2145,-1.4147,-1.5127,-1.6678,-1.8105,-1.8907,-2.1387,-2.205,-2.3648
W,W,4.0971,3.9042,4.6367,4.8925,4.9709,5.0612,5.1734,5.252,5.2212,5.2998,5.3375,5.3769,5.3951,5.4153,5.4722,5.5144
Y,W,1.0405,0.77,0.8013,0.8488,0.8198,1.0937,1.0936,1.0771,1.0696,1.0221,1.0617,1.0258,0.9033,0.8274,0.8165,0.6942
V,W,-0.5801,-0.5949,-0.8674,-1.0791,-1.0444,-1.2425,-1.3708,-1.4171,-1.3581,-1.4133,-1.4895,-1.5472,-1.6753,-1.7381,-1.6929,-1.7992
A,Y,-0.8477,-0.3216,-0.4839,-0.6467,-0.7456,-0.6912,-0.8145,-0.882,-0.9192,-1.0524,-1.1274,-1.1968,-1.2944,-1.4333,-1.5716,-1.7646
R,Y,0.0951,-0.1195,-0.1573,-0.3086,-0.4597,-0.5967,-0.7953,-0.8469,-0.9308,-0.9969,-1.1108,-1.2592,-1.3591,-1.4646,-1.548,-1.6866
N,Y,-0.8884,-0.5562,-0.6079,-0.723,-0.6979,-0.7899,-0.9658,-1.0409,-1.1279,-1.2313,-1.3347,-1.3789,-1.3889,-1.475,-1.5589,-1.687
D,Y,-0.2686,-0.6016,-0.7321,-0.6328,-0.9871,-1.1579,-1.43,-1.5325,-1.6649,-1.8314,-1.9184,-2.028,-2.1045,-2.2261,-2.2727,-2.3551
C,Y,-1.2172,-1.2209,-1.0907,-1.0324,-0.8924,-1.0777,-1.171,-1.2036,-1.2302,-1.3782,-1.5217,-1.6993,-1.6725,-1.7734,-1.8559,-1.9031
Q,Y,-0.2327,-0.0527,-0.2953,-0.2702,-0.4304,-0.4842,-0.6425,-0.7105,-0.8525,-0.95,-1.059,-1.1145,-1.1702,-1.3158,-1.3295,-1.3993
E,Y,-0.4587,-0.3655,-0.5392,-0.6977,-0.6178,-0.7516,-0.9776,-1.0102,-1.1553,-1.3085,-1.4308,-1.587,-1.7515,-1.8715,-1.9947,-2.2041
G,Y,-0.6575,-0.4074,-0.6879,-0.8646,-1.0977,-1.2338,-1.4203,-1.5199,-1.64,-1.847,-2.0034,-2.1233,-2.2625,-2.4043,-2.5908,-2.7793
H,Y,-0.0079,-0.036,0.4281,0.5578,0.6508,0.6432,0.8117,0.8463,0.8573,0.924,0.9083,0.8634,0.7958,0.7015,0.5723,0.3925
I,Y,-0.1371,0.0389,-0.0803,-0.1417,-0.2756,-0.4579,-0.5812,-0.6657,-0.6249,-0.7052,-0.7761,-0.8908,-0.9751,-1.0627,-1.1254,-1.2754
L,Y,0.5066,0.1116,-0.0013,-0.0513,-0.2203,-0.2958,-0.4612,-0.531,-0.5377,-0.6187,-0.6943,-0.7846,-0.8468,-0.9748,-1.0872,-1.3012
K,Y,-0.2837,-0.2907,-0.3194,-0.4401,-0.5826,-0.7346,-0.8457,-0.91,-0.9943,-1.1106,-1.1554,-1.2916,-1.408,-1.5304,-1.5802,-1.7587
M,Y,-0.1111,0.1118,0.2126,0.033,-0.1237,-0.2594,-0.408,-0.4974,-0.5518,-0.6584,-0.7852,-0.8627,-0.9182,-1.0579,-1.2526,-1.5117
F,Y,0.6151,0.8642,0.9742,1.1273,1.2776,1.3696,1.4099,1.4696,1.4448,1.4425,1.4244,1.4752,1.4567,1.4708,1.4683,1.4064
P,Y,-0.424,-0.6669,-0.823,-1.0624,-1.0949,-1.2364,-1.4464,-1.4599,-1.5011,-1.6777,-1.8521,-1.9571,-2.1424,-2.2306,-2.3484,-2.4704
S,Y,-0.4233,-0.354,-0.4942,-0.5025,-0.6192,-0.7371,-0.8345,-0.8429,-0.9438,-0.9246,-1.0596,-1.114,-1.1953,-1.2807,-1.4218,-1.5991
T,Y,-0.2156,-0.4365,-0.3664,-0.4277,-0.5338,-0.6564,-0.7771,-0.803,-0.8746,-0.9404,-1.0142,-1.0757,-1.1805,-1.2497,-1.393,-1.5845
W,Y,1.0405,0.77,0.8013,0.8488,0.8198,1.0937,1.0936,1.0771,1.0696,1.0221,1.0617,1.0258,0.9033,0.8274,0.8165,0.6942
Y,Y,1.888,1.9816,2.305,2.5244,2.7851,2.9882,3.2174,3.2975,3.3388,3.4566,3.5342,3.6081,3.683,3.7665,3.8534,3.9677
V,Y,0.1008,-0.057,-0.2309,-0.3053,-0.4593,-0.5293,-0.5696,-0.6038,-0.6762,-0.7746,-0.8602,-1.0314,-1.1813,-1.3054,-1.4235,-1.5852
A,V,0.1937,0.0778,0.0601,0.0143,-0.0268,-0.0528,-0.0723,-0.0947,-0.1189,-0.148,-0.1821,-0.2078,-0.2576,-0.3333,-0.4127,-0.5008
R,V,-0.2925,-0.2742,-0.5256,-0.7916,-0.9644,-1.0504,-1.1857,-1.2513,-1.3247,-1.3456,-1.4529,-1.4993,-1.5486,-1.6601,-1.8036,-2.0281
N,V,-0.3411,-0.6202,-0.7543,-0.8583,-1.1101,-1.2543,-1.3708,-1.4382,-1.5093,-1.5704,-1.6946,-1.7514,-1.8845,-1.9515,-2.024,-2.1785
D,V,-0.3805,-0.5644,-0.7235,-1.0186,-1.2119,-1.2866,-1.5131,-1.5713,-1.7046,-1.8166,-1.9342,-2.0309,-2.1264,-2.2779,-2.458,-2.5907
C,V,-0.4644,-0.6154,-0.5152,-0.4844,-0.3064,-0.3342,-0.4066,-0.4038,-0.4218,-0.563,-0.5465,-0.6564,-0.6715,-0.7661,-0.8712,-0.9246
Q,V,-0.6115,-0.6831,-0.7625,-0.8697,-0.8433,-0.9541,-1.0349,-1.0992,-1.1661,-1.1931,-1.2263,-1.283,-1.391,-1.5197,-1.5998,-1.7343
E,V,-0.6159,-0.4937,-0.6873,-0.849,-1.0617,-1.072,-1.2058,-1.2211,-1.2944,-1.3522,-1.3895,-1.4368,-1.5209,-1.5823,-1.6521,-1.7379
G,V,-0.5081,-0.7669,-0.8918,-1.0613,-1.3122,-1.3934,-1.5111,-1.5694,-1.6523,-1.784,-1.8971,-1.9945,-2.1628,-2.3056,-2.4676,-2.6382
H,V,-0.6586,-0.898,-1.074,-1.1307,-1.2736,-1.4109,-1.5696,-1.5587,-1.6262,-1.6818,-1.7559,-1.7912,-1.8288,-2.0007,-2.127,-2.326
I,V,0.7682,0.9322,1.0492,1.1217,1.2096,1.2464,1.2581,1.2735,1.2784,1.2795,1.3035,1.3195,1.3292,1.3072,1.2877,1.2464
L,V,0.2966,0.4072,0.4508,0.4154,0.4052,0.3858,0.3988,0.3942,0.3739,0.3625,0.3309,0.2875,0.2414,0.1801,0.1174,0.0356
K,V,-0.4031,-0.4579,-0.5712,-0.7572,-0.9357,-1.0144,-1.0762,-1.1312,-1.1673,-1.263,-1.3591,-1.4336,-1.4952,-1.6064,-1.6838,-1.8227
M,V,0.0976,0.1749,0.1756,0.3055,0.2789,0.2827,0.3612,0.3436,0.3294,0.3105,0.3062,0.2918,0.2415,0.1856,0.1136,0.053
F,V,0.141,0.1497,-0.007,-0.0702,-0.2182,-0.3103,-0.4156,-0.4245,-0.4408,-0.4867,-0.5314,-0.624,-0.6984,-0.7927,-0.8744,-1.0203
P,V,-0.705,-0.6384,-0.8078,-0.8889,-0.9312,-1.0476,-1.1492,-1.1744,-1.1917,-1.2813,-1.3746,-1.4335,-1.5307,-1.6302,-1.7708,-1.956
S,V,-0.2212,-0.2823,-0.3606,-0.4583,-0.5592,-0.6833,-0.7933,-0.8231,-0.8907,-0.9429,-0.9769,-1.0184,-1.0737,-1.1539,-1.2513,-1.33
T,V,0.2159,0.2247,0.2281,0.0569,0.084,-0.0128,-0.0167,-0.0278,-0.0821,-0.0916,-0.116,-0.1657,-0.2427,-0.3146,-0.3437,-0.4255
W,V,-0.5801,-0.5949,-0.8674,-1.0791,-1.0444,-1.2425,-1.3708,-1.4171,-1.3581,-1.4133,-1.4895,-1.5472,-1.6753,-1.7381,-1.6929,-1.7992
Y,V,0.1008,-0.057,-0.2309,-0.3053,-0.4593,-0.5293,-0.5696,-0.6038,-0.6762,-0.7746,-0.8602,-1.0314,-1.1813,-1.3054,-1.4235,-1.5852
V,V,0.9747,1.1649,1.3161,1.5214,1.6404,1.7409,1.8423,1.8845,1.9587,2.0474,2.1092,2.1965,2.2926,2.4104,2.5074,2.6424
