aa_ref,aa_alt,funsum_fitness_mean,funsum_fitness_mean_std,funsum_fitness_mean_count,funsum_fitness_mean_ste
A,C,0.4521425054357098,0.2515502886131769,29,0.04671171591255889
A,D,0.4810824638550644,0.3467217752421026,53,0.04762589858054582
A,E,0.3924454343376217,0.32516888771667346,43,0.04958779049343596
A,F,0.3975861635372093,0.3518507836855949,34,0.060341911583362454
A,G,0.5077306515769983,0.22608739091398278,62,0.02871312735921753
A,H,0.3663343704598138,0.41834844038772,5,0.1870911101975921
A,I,0.2533067127168299,0.2354306109833549,17,0.05710031038753374
A,K,0.13783323133742972,0.18802999076523358,12,0.05427958289201523
A,L,0.33775241979079834,0.27569425375265044,36,0.04594904229210841
A,M,0.19919007049311419,0.23785686738965317,14,0.06356992177595755
A,N,0.2596281291448914,0.23626745809710847,18,0.055688773931391294
A,P,0.3737321559264451,0.3065715890515657,46,0.04520151479127809
A,Q,0.3707092191809771,0.30303510063185807,10,0.09582811289750015
A,R,0.31904412004917676,0.29987279133628314,23,0.06252779937714453
A,S,0.469293758536158,0.18626684096555077,82,0.020569731504966514
A,T,0.45931946563937004,0.22171731108727585,85,0.024048618900242083
A,V,0.41129671784225785,0.20269533634690795,84,0.02211587432914856
A,W,0.17944660888741124,0.3100936720365113,14,0.08287601989766204
A,Y,0.2413102682766479,0.23688736225765603,19,0.05434568805700177
C,A,0.30684390692800495,0.2208144735691391,7,0.0834600261353696
C,D,0.10680431653988345,0.23882171207358452,5,0.10680431653988344
C,E,0.09400502805141753,0.16137734193455996,4,0.08068867096727998
C,F,0.3827796558639093,0.2915277847538469,23,0.060787745219305404
C,G,0.4785067081693568,0.2605605913763503,20,0.05826311945750647
C,H,0.2472156663565278,0.2899478319925092,4,0.1449739159962546
C,I,0.3827538054181146,0.24371952966388194,9,0.08123984322129398
C,K,0.0,0.0,7,0.0
C,L,0.41581456209418033,0.2531443259696805,14,0.0676556669417404
C,N,0.35559542073445094,0.32285321829610714,6,0.13180427444014214
C,P,0.23278771184927005,0.2533963132772867,5,0.1133222763471691
C,Q,0.31620129737801284,0.4471761631919539,2,0.3162012973780128
C,R,0.23801989209795835,0.31780202785510525,16,0.07945050696377631
C,S,0.3604904794435106,0.20495586743347638,22,0.04369673775810269
C,T,0.21098713877231906,0.24413390194529966,4,0.12206695097264983
C,V,0.31791035706473236,0.21977966104677762,8,0.07770384434652867
C,W,0.3650350897967528,0.29929363311226137,19,0.0686626684832361
C,Y,0.18775280364475314,0.24516107467898565,23,0.051119617836291445
D,A,0.4216252277516441,0.2545156088084529,70,0.030420433717002374
D,C,0.3461355508488411,0.2993806001769348,34,0.051343349349459444
D,E,0.4869275421620544,0.24982304310539488,78,0.028286889430835398
D,F,0.296462966865883,0.31353213660375034,39,0.050205322192922924
D,G,0.41616550742326497,0.20783478282558476,80,0.023236635124345668
D,H,0.4359397753198172,0.2918336427258899,40,0.04614295044388209
D,I,0.31694850180809747,0.3272043509817941,29,0.060760322608567036
D,K,0.3517044245741117,0.3628638213196397,19,0.08324666986312153
D,L,0.37713817620354506,0.3164467624191177,54,0.04306294992680967
D,M,0.2886817698329022,0.2509378817862528,8,0.0887199389338238
D,N,0.4295009636980524,0.22082822319168843,83,0.024239046503473857
D,P,0.2905290433283012,0.2898833805786726,21,0.06325773972435518
D,Q,0.3596090029508326,0.34347113377859956,19,0.0787976822191713
D,R,0.35823216117602164,0.32840224134879137,35,0.05551011030766244
D,S,0.36907679407148153,0.2770575084691056,38,0.04494466275880659
D,T,0.33041122774515563,0.26694607245279,11,0.08048726923499382
D,V,0.4506084315132353,0.2903015189051612,84,0.03167449249389417
D,W,0.29332072422087613,0.3200261423149831,25,0.06400522846299662
D,Y,0.4224113195979475,0.2976263707975845,84,0.03247369935702204
E,A,0.4725389201357859,0.24845851304727126,84,0.027109046264173663
E,C,0.42632415533221607,0.2661385561017591,38,0.043173374788516544
E,D,0.4800060668498122,0.2191281825873932,105,0.02138472093721165
E,F,0.4134101209643438,0.2213848474194998,39,0.035449946897705406
E,G,0.4522640708552875,0.1901329571360864,104,0.018644070357961638
E,H,0.3874690850586482,0.3312293171336561,26,0.06495941352071252
E,I,0.37736629862753795,0.26132737915558635,31,0.04693578286110461
E,K,0.48900821070532835,0.2151173739388229,98,0.02173013626616914
E,L,0.4309220950052253,0.2598214589541283,73,0.030409801622163526
E,M,0.4318399535430367,0.26160652819446845,38,0.042438182780791575
E,N,0.4945297857128286,0.2623451667815998,28,0.049578576354562594
E,P,0.2784783599621833,0.2682516880797838,33,0.04669662506708777
E,Q,0.4979236622050323,0.23593083758946093,58,0.030979236685478657
E,R,0.4513055748960305,0.27437315523655004,50,0.038802223728662766
E,S,0.43826702710831933,0.21734565579765136,53,0.029854721852163042
E,T,0.40708663111374727,0.2865403921440195,36,0.04775673202400325
E,V,0.5148579282991502,0.22103386383502693,107,0.02136815014840712
E,W,0.3886512979012191,0.2734510116951636,41,0.04270587318867892
E,Y,0.46714772331804283,0.24511165433659526,39,0.03924927668502968
F,A,0.21205940102164184,0.2300716780282315,22,0.04905144656875631
F,C,0.42192151878195305,0.2963261219116062,49,0.042332303130229454
F,D,0.1992068019592559,0.287989332786577,18,0.06787973670759265
F,E,0.14341137314980398,0.27052887123789376,14,0.07230188210020583
F,G,0.22544940105055217,0.3043824084358865,19,0.06983011360860797
F,H,0.3132585296390889,0.36429463875938595,10,0.11520007978679159
F,I,0.40023011164303374,0.29635741777804026,45,0.04417835545253351
F,K,0.1539819943883161,0.22338959731075592,8,0.07898014955248382
F,L,0.46402745259725575,0.21714994559494036,58,0.02851318475175444
F,M,0.216805584312411,0.25163473087170235,16,0.06290868271792559
F,N,0.06350654443895225,0.14356548091992266,11,0.04328662118711915
F,P,0.14474630447280185,0.3015144120940949,13,0.08362505177666453
F,Q,0.15363519183063878,0.25487182104727424,9,0.08495727368242474
F,R,0.12156869505678704,0.280013097052201,19,0.06423941015359952
F,S,0.3509668135339838,0.26884606205340167,54,0.03658531507708095
F,T,0.18720675519309535,0.23695495867764207,12,0.06840300458917666
F,V,0.3686871445054262,0.2725377992761634,53,0.037435945805908415
F,W,0.32132997916102696,0.28576612010534524,20,0.06389924702219213
F,Y,0.41795167961904656,0.266189304226262,52,0.03691381482184119
G,A,0.4089269105168704,0.27368834064020353,59,0.03563118701609686
G,C,0.3672992043124827,0.27292921542433424,60,0.035235010201063434
G,D,0.36232869662091394,0.25984811269337865,50,0.03674807251280285
G,E,0.41088107292546067,0.2615674523347886,65,0.03244344952752094
G,F,0.37092074127080205,0.3039723543214006,33,0.05291479491560425
G,H,0.3218287257213429,0.23754818543252285,11,0.07162347279176788
G,I,0.29686370150880703,0.3418272389155101,29,0.06347572472854356
G,K,0.40074527681351485,0.3280855201650115,32,0.05799787402944885
G,L,0.33670580158540125,0.3138265304477447,53,0.04310738920436264
G,M,0.2878381921366005,0.31519554074419587,16,0.07879888518604897
G,N,0.382875509440285,0.3001649950419075,29,0.055739240263220115
G,P,0.20212610406109077,0.28044611816477105,18,0.06610178397058447
G,Q,0.29754150588632416,0.2772243163474422,15,0.07157901069182535
G,R,0.3362652746103357,0.26572412632010817,86,0.028653769448158044
G,S,0.36837526824294986,0.2358395413302153,63,0.0297129893178709
G,T,0.21962954488217865,0.27069789354066515,21,0.05907112321977122
G,V,0.3988573139738447,0.31227468570444245,103,0.03076933906541398
G,W,0.355895468841822,0.28184362181672595,56,0.03766293819591692
G,Y,0.28089736795090275,0.2941778096776511,24,0.06004879394665237
H,A,0.345064138605821,0.3440766301660621,14,0.0919583474912237
H,C,0.3215631552657849,0.2166461769364363,11,0.065321280105737
H,D,0.31424584995616583,0.2959662122855286,13,0.08208625801541027
H,E,0.22798112642128554,0.3193383197306399,8,0.11290314568712667
H,F,0.41072799909905944,0.2913738702245702,14,0.0778729424170482
H,G,0.2666216007931661,0.2739234138749053,11,0.08259101682875393
H,I,0.4064210844894963,0.22173008781232706,13,0.06149686160926755
H,K,0.36670566902256413,0.22746774576347636,8,0.08042199276528585
H,L,0.37474439086043504,0.26495002393885525,24,0.05408269716569862
H,M,0.34585524966568515,0.34180949412243533,7,0.12919184531553682
H,N,0.41708191784029275,0.28354939692706943,26,0.055608611846099734
H,P,0.3372425756544121,0.3016757741550334,17,0.07316712244301064
H,Q,0.33723152555558267,0.29126573383553567,25,0.05825314676710713
H,R,0.40896647076546666,0.2346794783327066,22,0.05003383289449401
H,S,0.4274947371973565,0.2861587026260332,18,0.06744825304080426
H,T,0.34470915542349684,0.3987996950636379,4,0.19939984753181894
H,V,0.31002771964201076,0.25268650093420314,16,0.06317162523355078
H,W,0.39351424250564954,0.2815582151552748,10,0.08903652538224074
H,Y,0.3971056557325536,0.21614413924244488,27,0.04159695899179517
I,A,0.28919971369701003,0.27985740223767513,30,0.05109473736345714
I,C,0.39567091954320793,0.3001096118861947,36,0.05001826864769912
I,D,0.16544784150713823,0.23619192530030905,8,0.0835064560206775
I,E,0.17211454446743213,0.2388692547706747,12,0.06895561427148716
I,F,0.45383899480122086,0.28175878857244463,64,0.03521984857155558
I,G,0.22864573227512286,0.2582706828670795,38,0.04189703721111012
I,H,0.28548817071874943,0.3533553885077953,8,0.12492999569133455
I,K,0.25092304942959986,0.3617888571326706,21,0.07894880111438225
I,L,0.4687676623700352,0.2436142361276442,69,0.029327707640064465
I,M,0.42718435575891617,0.23909859551974758,48,0.03451090962154693
I,N,0.35592577166482897,0.3142484869979212,44,0.047374741923135545
I,P,0.14199266304317096,0.3061956301640956,19,0.0702460952020551
I,Q,0.19562317673292892,0.2321076544996532,16,0.0580269136249133
I,R,0.3272410050264404,0.29635741122795717,42,0.04572894133856706
I,S,0.3569880228913576,0.2706889628603333,53,0.03718198859318112
I,T,0.4688475184602092,0.22242737731508158,56,0.029723108548276058
I,V,0.5093217990682584,0.19702104223600098,72,0.023219152500252915
I,W,0.174286826410949,0.21104444759716828,20,0.04719097311011604
I,Y,0.13155243779361564,0.1967993756010968,12,0.056811086239821756
K,A,0.4253782567817681,0.27589152309456005,40,0.04362228000558779
K,C,0.45355159397590267,0.2673437522409311,44,0.04030358710131382
K,D,0.38680735391250787,0.31635470086978124,33,0.055070284777977485
K,E,0.4020218445230145,0.2288700663291122,77,0.026082164693221197
K,F,0.39391394066408775,0.2716109482065907,47,0.03961852865088943
K,G,0.3929842999811576,0.2844859632218299,53,0.03907715234363656
K,H,0.44366988664146917,0.3069040418199194,27,0.05906371038670488
K,I,0.4603939774498695,0.2598182127024064,55,0.035033880653881556
K,L,0.4356747906628182,0.26340117873854596,70,0.03148246245607123
K,M,0.43998119930382734,0.2636616830080985,68,0.031973675543250334
K,N,0.4560364383708069,0.24839644589332915,90,0.026183284390456613
K,P,0.27870648767165224,0.322378419652811,28,0.0609237947468111
K,Q,0.4867518824335938,0.24391659176159658,56,0.032594725618625066
K,R,0.4425642104838123,0.16066851531295012,78,0.018192126999896273
K,S,0.39799365034538775,0.2420524635929515,63,0.030495743947498356
K,T,0.4423640368257771,0.28992664064273116,67,0.035420176591412646
K,V,0.4018371367991864,0.25256540513165565,54,0.03436979829177046
K,W,0.41692922958560685,0.28545029207821604,37,0.046927738943677175
K,Y,0.3944793974738757,0.2583005180046329,39,0.04136118507497953
L,A,0.2800117097075371,0.27030510663463786,36,0.04505085110577298
L,C,0.3444819501115762,0.267609737634021,30,0.04885862997006416
L,D,0.15709418040401155,0.249467965115758,28,0.04714501398383088
L,E,0.22335052551716406,0.2961504818542868,24,0.06045146396853093
L,F,0.46342451841245597,0.22364047555510883,89,0.023705842997202953
L,G,0.3375782897720982,0.32739105538747254,56,0.04374947002693762
L,H,0.29725486605293433,0.32787453161832486,42,0.050592138595959346
L,I,0.3599458773266949,0.2612941806644314,74,0.030374831519741068
L,K,0.16637828819819184,0.20727041041382788,28,0.039170425721234345
L,M,0.4855550162170784,0.22052690152682342,83,0.024205972153911084
L,N,0.1790631080953343,0.2504642285950763,30,0.045728302616551246
L,P,0.3101239067988947,0.2874126553344141,92,0.029964840709821673
L,Q,0.3225298006389851,0.3308926106587404,51,0.04633423326574686
L,R,0.27923280901761494,0.32236491469476497,90,0.03398024560537802
L,S,0.36966885688409473,0.27407065325187097,68,0.033235948595279306
L,T,0.3205067496312658,0.3309153034176479,27,0.06368467983571524
L,V,0.45006845647116095,0.24407896306085294,99,0.024530858778541356
L,W,0.28885364138641745,0.3318200685002812,41,0.05182158836782387
L,Y,0.39322944916320846,0.29310854890417326,37,0.04818674861038888
M,A,0.380401728664107,0.299475732248769,12,0.08645119731479355
M,E,0.37156335301739474,0.2718826410857597,9,0.09062754702858657
M,F,0.3024433202519795,0.22499435570983703,14,0.06013227093029682
M,G,0.2313069645088376,0.2812507220676296,15,0.07261862417844935
M,I,0.5092966528428504,0.17901871132993993,35,0.030259685111302965
M,K,0.4908604207297649,0.3039409601923739,25,0.06078819203847478
M,L,0.4802407566174219,0.21161706855380247,34,0.036292027848982424
M,N,0.31825791825147126,0.2789323128344352,13,0.0773619043314091
M,P,0.29396488881585514,0.26137568865693017,8,0.09241026094330954
M,Q,0.13890249407095923,0.21721699372745618,6,0.08867846634893364
M,R,0.41336381768129077,0.28727569889376137,28,0.05429000407036898
M,S,0.31494457442558743,0.3247007453180461,16,0.08117518632951153
M,T,0.4428972613017431,0.2175345149047958,27,0.04186453691277284
M,V,0.43335182923768345,0.21544791449154577,33,0.03750466793523191
M,W,0.17309253470131644,0.21952728543835287,12,0.06337206867115043
N,A,0.4106254114956999,0.2882761896849091,14,0.07704505246897043
N,C,0.3246931060135203,0.23367418705069273,15,0.060334415659059316
N,D,0.46781144945788133,0.24893947845890999,35,0.04207845187788913
N,E,0.49102851864217273,0.2825466317490292,13,0.07836433603698204
N,F,0.47663093763332026,0.26080212549714943,22,0.05560319998305807
N,G,0.37673771416947527,0.26963952622424003,18,0.06355464582302935
N,H,0.4549298465836239,0.2616101178840382,28,0.04943966516996116
N,I,0.408580276197032,0.2856147221224532,38,0.0463328261185722
N,K,0.42687331501914416,0.24031168003789488,42,0.03708089726486555
N,L,0.3056093223191409,0.30041428740264575,21,0.06555577199375442
N,M,0.37063326035798777,0.3307548026069128,13,0.09173487695424573
N,P,0.19454249209923347,0.3172647319107062,12,0.09158643918651034
N,Q,0.3943650294167221,0.27236163137281905,9,0.09078721045760635
N,R,0.3307848248630052,0.28699746309182167,21,0.06262798089897942
N,S,0.46148099637258627,0.19837283302742997,42,0.030609592677603152
N,T,0.41339841489256257,0.3048867690947185,30,0.05566445363934876
N,V,0.4102202219640225,0.2969887552782671,19,0.06813389324346832
N,W,0.5592228368220948,0.24325298691757413,11,0.07334353515807492
N,Y,0.48454546872592896,0.21782600750803047,36,0.03630433458467174
P,A,0.4817034186214992,0.2769759811945092,45,0.041289141472375064
P,C,0.4219649037795377,0.30503542533200895,30,0.05569159443084136
P,D,0.13167158673135695,0.19241901319900176,22,0.041023871454466836
P,E,0.18768627151456602,0.261570329108197,20,0.05848890367829204
P,F,0.305723171027891,0.2643461134674469,41,0.041283926980843495
P,G,0.4312798460663611,0.325879447384062,30,0.05949717478652288
P,H,0.3015928613207122,0.283127549315133,47,0.0412983975736716
P,I,0.29395116310669084,0.27136152857520324,21,0.05921594025689481
P,K,0.2878654235137882,0.2773235066634236,21,0.06051695053693947
P,L,0.38047585140670714,0.271943306712098,69,0.0327381269695009
P,M,0.24113496250552213,0.2053276549065276,24,0.04191233205027196
P,N,0.21903311575636186,0.21378748910645473,18,0.050390194426673106
P,Q,0.32572451857320683,0.29387416295407504,43,0.04481538970818734
P,R,0.33291698217037546,0.28155906705565326,43,0.04293735519016909
P,S,0.4256921542014803,0.24000098393795388,71,0.028482876568604126
P,T,0.3905683468454612,0.2805651746540322,68,0.03402352499907181
P,V,0.4383577870550538,0.2870198360436112,42,0.04428812220709958
P,W,0.30546275679376184,0.24250109168364373,27,0.04666935685410994
P,Y,0.20942896620986873,0.22808086072698833,28,0.043103231164083544
Q,A,0.4409062194732345,0.21615818827196273,24,0.04412310541589732
Q,C,0.4511413301447636,0.20755599987613502,22,0.04425108785749698
Q,D,0.3761251669021567,0.2967803118554478,16,0.07419507796386195
Q,E,0.4564313440073604,0.2764581562982981,33,0.04812518781824168
Q,F,0.46856681542106,0.2566873923687157,27,0.04939951169388703
Q,G,0.4132083883745238,0.25273751217179535,29,0.0469321777927683
Q,H,0.48436821718587647,0.2593507127506376,56,0.03465719679030392
Q,I,0.45935773125815627,0.2939099635679651,19,0.06742756998381479
Q,K,0.3813325671505154,0.25489275163164815,58,0.033469057978550945
Q,L,0.476976051681647,0.20279103739106472,59,0.02640114431461425
Q,M,0.40506225684856356,0.26512426183636223,22,0.056524682546764855
Q,N,0.45182953547641425,0.18210589927455753,16,0.04552647481863938
Q,P,0.4853050517411639,0.2618550684764517,44,0.03947613689041866
Q,R,0.44957538040799266,0.17788204855191897,56,0.02377048860495602
Q,S,0.44094472008418173,0.24312133804689998,29,0.045146499086676437
Q,T,0.4922881604041325,0.2588910192679567,17,0.0627902951744472
Q,V,0.3518917047261823,0.24786827634189348,35,0.041897385672515
Q,W,0.4710687255935087,0.260599993880488,28,0.04924876967662324
Q,Y,0.4840075968099441,0.15882442615955691,20,0.03551422133801651
R,A,0.3189859929557896,0.26024602019398907,18,0.06134057521866029
R,C,0.39457818469079725,0.24487901998799094,37,0.040257862898354056
R,D,0.11227259790856141,0.223613194617724,9,0.07453773153924133
R,E,0.2774716424939038,0.2530003086873637,14,0.06761717670401154
R,F,0.3436253892885596,0.28712417230959836,30,0.05242146199298907
R,G,0.47103478811660077,0.2880064746070719,48,0.041570153910687024
R,H,0.3580838527509595,0.2620688429150363,23,0.05464513122304437
R,I,0.35928103966798514,0.30125346770979766,28,0.05693155408256796
R,K,0.49969828925451537,0.21816455431832477,28,0.04122922540110927
R,L,0.3775202648814329,0.2545240688760816,52,0.03529613773740155
R,M,0.37044865400284027,0.26457735333101934,27,0.05091793538904758
R,N,0.4070897773431755,0.3663767472110453,12,0.10576385681355824
R,P,0.18006669407085701,0.29710188169725055,23,0.06195002477735655
R,Q,0.3675437003413988,0.23509669052497875,23,0.04902104867157339
R,S,0.4030125793742561,0.24268501088299688,52,0.03365435578943006
R,T,0.292232657128476,0.25525354917925686,20,0.057076428746290396
R,V,0.39800990837871597,0.27580525190835203,33,0.04801153175247668
R,W,0.38841440406711497,0.24679928946288143,40,0.03902239398069496
R,Y,0.39073916456358343,0.2933314257295694,15,0.07573784845132667
S,A,0.45633306219775127,0.20507805269380408,40,0.032425687231222515
S,C,0.4413057931247456,0.22577556702462728,41,0.035260219644769164
S,D,0.26426002389568154,0.24087092344153724,18,0.05677382111872557
S,E,0.329569688416578,0.23172457443018848,12,0.0668931227125604
S,F,0.4400921079880442,0.25554361426045547,40,0.040404993128726197
S,G,0.4188135801978989,0.24955534432830082,39,0.03996083655948363
S,H,0.2629764798769622,0.33523834893510224,10,0.10601167416692057
S,I,0.40690641070991895,0.32962358776573686,34,0.056529978931421455
S,K,0.33912790346884786,0.28766924936856964,14,0.07688284084625882
S,L,0.39374507551906396,0.2510255493890613,49,0.0358607927698659
S,M,0.46798171263681443,0.28826259689199707,16,0.07206564922299927
S,N,0.3577198430860929,0.24857234421135233,33,0.04327089101572509
S,P,0.3754690196139504,0.24554078918693564,40,0.038823407615298004
S,Q,0.3963611118941722,0.4183239840095155,5,0.18708017297276233
S,R,0.5078165034060199,0.23960828693969544,36,0.03993471448994924
S,T,0.5032644910640633,0.2826977829468864,38,0.045859636100159765
S,V,0.3566796973350173,0.2755535083089605,36,0.045925584718160085
S,W,0.38324921292424646,0.28388684106202294,27,0.05463404803551715
S,Y,0.3987520148682556,0.2670326930491913,38,0.043318422954814514
T,A,0.4371005638552374,0.2140149780724593,73,0.025048558550755367
T,C,0.4354541497454498,0.2705697407640563,28,0.051132874740064886
T,D,0.24736015353784538,0.23275183301190863,18,0.05486013315210651
T,E,0.187606014059847,0.2104718805403508,19,0.04828556093328178
T,F,0.2626450658678516,0.20288071142516137,35,0.0342930992926647
T,G,0.43600131382643137,0.32560664806043904,37,0.05352940320102806
T,H,0.3614886802674268,0.19749587956976736,11,0.05954724819764863
T,I,0.39900335367527456,0.1986206309207511,85,0.021543432198934436
T,K,0.35305220057868336,0.2767799423729869,48,0.03994974355883328
T,L,0.36920766350943013,0.2593975065493096,48,0.0374408050583404
T,M,0.3518740482942453,0.2488002803408381,39,0.03983992955716652
T,N,0.40843306444542476,0.3120044862398955,60,0.04027960597163722
T,P,0.34993609822478866,0.30217011912176195,65,0.037479590526057247
T,Q,0.18430496276577477,0.24840506589539535,7,0.09388828982397546
T,R,0.39281326428185165,0.2961446322314111,42,0.04569610882659843
T,S,0.5112342370012433,0.205248688328868,73,0.024022541942511768
T,V,0.335359974884157,0.2590478869369908,44,0.039052938350200295
T,W,0.2914737870902876,0.2847245886710576,26,0.055839085908977
T,Y,0.2452402164451186,0.24570896345227536,25,0.04914179269045507
V,A,0.4716545268994549,0.20609023908645988,71,0.02445841156805965
V,C,0.4349501020449153,0.13474876442435285,6,0.05501095271835986
V,D,0.27348180848279724,0.31406190542472745,34,0.05386117242750118
V,E,0.320794111419738,0.331218467030139,38,0.053730730426381774
V,F,0.4053248813429461,0.2812424399661826,49,0.04017749142374037
V,G,0.3807983932718594,0.2890929555853846,65,0.03585756801764301
V,H,0.24845952303175287,0.2982030024506591,15,0.07699568415203015
V,I,0.43062620740243224,0.22541099690574798,44,0.033981986379833094
V,K,0.1909141340536438,0.22648584163311336,12,0.06538083081725848
V,L,0.46671155242293555,0.24409528371290543,72,0.02876690506150828
V,M,0.43482200156030043,0.24579147355119538,58,0.03227400161934231
V,N,0.2445312890805706,0.3533832265352527,17,0.08570802172508357
V,P,0.17175025849116904,0.2907947955378181,13,0.08065196507305154
V,Q,0.31633139311143543,0.4175515818977688,9,0.1391838606325896
V,R,0.17643841508486408,0.2614721167346546,19,0.05998581754736997
V,S,0.33699392667600697,0.2842764521991388,27,0.05470902873381485
V,T,0.3185872156759129,0.29481007997836317,21,0.0643328336731826
V,W,0.20407639127029992,0.28816927145580734,33,0.05016383129348813
V,Y,0.33250944557826595,0.28991237214994553,16,0.07247809303748638
W,A,0.2536108292191249,0.2619644291998517,5,0.11715405427555983
W,C,0.34174898418992133,0.2895930613720722,16,0.07239826534301805
W,D,0.0,0.0,3,0.0
W,E,0.0,0.0,4,0.0
W,F,0.4406152869195287,0.30131731360666497,7,0.11388723964589917
W,G,0.2578161940803697,0.32109695804563015,11,0.0968143755601677
W,H,0.19612267101694444,0.17077702940580705,3,0.09859816389884735
W,I,0.08737184453483697,0.15133247388534676,3,0.08737184453483697
W,K,0.0,0.0,3,0.0
W,L,0.28286406632691197,0.29203635725096017,17,0.07082922043919546
W,M,0.11121177265777428,0.17086075396912223,6,0.06975361071526086
W,N,0.0,0.0,3,0.0
W,P,0.0,0.0,2,0.0
W,Q,0.0,0.0,4,0.0
W,R,0.21610500589256473,0.3002660999755485,15,0.0775283736423967
W,S,0.23327544968867106,0.30183456739922526,11,0.09100654625658802
W,T,0.08704244438925117,0.21320957471824592,6,0.08704244438925117
W,V,0.26988571779481607,0.3439371726581525,9,0.11464572421938417
W,Y,0.19858444875175194,0.1836185959268879,5,0.08211673248511746
Y,A,0.20972259918765807,0.30142700216586654,14,0.08055975494478852
Y,C,0.4586734907533599,0.3284991319738761,29,0.061000757402756914
Y,D,0.2808273038865437,0.2953682674462065,23,0.0615885412175991
Y,E,0.28348252008290253,0.32736224064701547,13,0.09079394956181508
Y,F,0.4872780854634644,0.23409336868073446,30,0.04273940619627054
Y,G,0.19871662093811182,0.34376539360626635,17,0.08337535460415683
Y,H,0.37993420185509386,0.29711174910468774,29,0.05517226672637038
Y,I,0.28896106325248155,0.33496585253463707,15,0.08648781122765459
Y,K,0.19614719212003395,0.2977548279795821,12,0.08595441504326122
Y,L,0.28126980143421565,0.34433118032739624,22,0.07341165430937376
Y,M,0.28510862464089565,0.32085526941207293,6,0.13098861522380098
Y,N,0.39523632746330006,0.32512881661485105,25,0.0650257633229702
Y,P,0.23460250402828794,0.3141374914968998,11,0.09471601744351604
Y,Q,0.24213246164588886,0.2461587460704656,10,0.07784223035536941
Y,R,0.1371352939524294,0.2672578395608307,17,0.06481954716374608
Y,S,0.388342742606468,0.33554611300409903,28,0.06341225488594444
Y,T,0.3050153834687861,0.282952665465703,5,0.12654027887921382
Y,V,0.299959060462427,0.3229016568141609,19,0.07407872056604099
Y,W,0.3374643971404331,0.3260957172038767,19,0.07481148827437455
